{
  "elements": [
    { "arabic": "1", "roman": "I" },
    { "arabic": "2", "roman": "II" },
    { "arabic": "3", "roman": "III" },
    { "arabic": "4", "roman": "IV" },
    { "arabic": "5", "roman": "V" },
    { "arabic": "6", "roman": "VI" },
    { "arabic": "7", "roman": "VII" },
    { "arabic": "8", "roman": "VIII" },
    { "arabic": "9", "roman": "IX" },
    { "arabic": "10", "roman": "X" },
    { "arabic": "11", "roman": "XI" },
    { "arabic": "12", "roman": "XII" },
    { "arabic": "13", "roman": "XIII" },
    { "arabic": "14", "roman": "XIV" },
    { "arabic": "15", "roman": "XV" },
    { "arabic": "16", "roman": "XVI" },
    { "arabic": "17", "roman": "XVII" },
    { "arabic": "18", "roman": "XVIII" },
    { "arabic": "19", "roman": "XIX" },
    { "arabic": "20", "roman": "XX" },
    { "arabic": "21", "roman": "XXI" },
    { "arabic": "22", "roman": "XXII" },
    { "arabic": "23", "roman": "XXIII" },
    { "arabic": "24", "roman": "XXIV" },
    { "arabic": "25", "roman": "XXV" },
    { "arabic": "26", "roman": "XXVI" },
    { "arabic": "27", "roman": "XXVII" },
    { "arabic": "28", "roman": "XXVIII" },
    { "arabic": "29", "roman": "XXIX" },
    { "arabic": "30", "roman": "XXX" },
    { "arabic": "31", "roman": "XXXI" },
    { "arabic": "32", "roman": "XXXII" },
    { "arabic": "33", "roman": "XXXIII" },
    { "arabic": "34", "roman": "XXXIV" },
    { "arabic": "35", "roman": "XXXV" },
    { "arabic": "36", "roman": "XXXVI" },
    { "arabic": "37", "roman": "XXXVII" },
    { "arabic": "38", "roman": "XXXVIII" },
    { "arabic": "39", "roman": "XXXIX" },
    { "arabic": "40", "roman": "XL" },
    { "arabic": "41", "roman": "XLI" },
    { "arabic": "42", "roman": "XLII" },
    { "arabic": "43", "roman": "XLIII" },
    { "arabic": "44", "roman": "XLIV" },
    { "arabic": "45", "roman": "XLV" },
    { "arabic": "46", "roman": "XLVI" },
    { "arabic": "47", "roman": "XLVII" },
    { "arabic": "48", "roman": "XLVIII" },
    { "arabic": "49", "roman": "XLIX" },
    { "arabic": "50", "roman": "L" },
    { "arabic": "51", "roman": "LI" },
    { "arabic": "52", "roman": "LII" },
    { "arabic": "53", "roman": "LIII" },
    { "arabic": "54", "roman": "LIV" },
    { "arabic": "55", "roman": "LV" },
    { "arabic": "56", "roman": "LVI" },
    { "arabic": "57", "roman": "LVII" },
    { "arabic": "58", "roman": "LVIII" },
    { "arabic": "59", "roman": "LIX" },
    { "arabic": "60", "roman": "LX" },
    { "arabic": "61", "roman": "LXI" },
    { "arabic": "62", "roman": "LXII" },
    { "arabic": "63", "roman": "LXIII" },
    { "arabic": "64", "roman": "LXIV" },
    { "arabic": "65", "roman": "LXV" },
    { "arabic": "66", "roman": "LXVI" },
    { "arabic": "67", "roman": "LXVII" },
    { "arabic": "68", "roman": "LXVIII" },
    { "arabic": "69", "roman": "LXIX" },
    { "arabic": "70", "roman": "LXX" },
    { "arabic": "71", "roman": "LXXI" },
    { "arabic": "72", "roman": "LXXII" },
    { "arabic": "73", "roman": "LXXIII" },
    { "arabic": "74", "roman": "LXXIV" },
    { "arabic": "75", "roman": "LXXV" },
    { "arabic": "76", "roman": "LXXVI" },
    { "arabic": "77", "roman": "LXXVII" },
    { "arabic": "78", "roman": "LXXVIII" },
    { "arabic": "79", "roman": "LXXIX" },
    { "arabic": "80", "roman": "LXXX" },
    { "arabic": "81", "roman": "LXXXI" },
    { "arabic": "82", "roman": "LXXXII" },
    { "arabic": "83", "roman": "LXXXIII" },
    { "arabic": "84", "roman": "LXXXIV" },
    { "arabic": "85", "roman": "LXXXV" },
    { "arabic": "86", "roman": "LXXXVI" },
    { "arabic": "87", "roman": "LXXXVII" },
    { "arabic": "88", "roman": "LXXXVIII" },
    { "arabic": "89", "roman": "LXXXIX" },
    { "arabic": "90", "roman": "XC" },
    { "arabic": "91", "roman": "XCI" },
    { "arabic": "92", "roman": "XCII" },
    { "arabic": "93", "roman": "XCIII" },
    { "arabic": "94", "roman": "XCIV" },
    { "arabic": "95", "roman": "XCV" },
    { "arabic": "96", "roman": "XCVI" },
    { "arabic": "97", "roman": "XCVII" },
    { "arabic": "98", "roman": "XCVIII" },
    { "arabic": "99", "roman": "XCIX" },
    { "arabic": "100", "roman": "C" },
    { "arabic": "101", "roman": "CI" },
    { "arabic": "102", "roman": "CII" },
    { "arabic": "103", "roman": "CIII" },
    { "arabic": "104", "roman": "CIV" },
    { "arabic": "105", "roman": "CV" },
    { "arabic": "106", "roman": "CVI" },
    { "arabic": "107", "roman": "CVII" },
    { "arabic": "108", "roman": "CVIII" },
    { "arabic": "109", "roman": "CIX" },
    { "arabic": "110", "roman": "CX" },
    { "arabic": "111", "roman": "CXI" },
    { "arabic": "112", "roman": "CXII" },
    { "arabic": "113", "roman": "CXIII" },
    { "arabic": "114", "roman": "CXIV" },
    { "arabic": "115", "roman": "CXV" },
    { "arabic": "116", "roman": "CXVI" },
    { "arabic": "117", "roman": "CXVII" },
    { "arabic": "118", "roman": "CXVIII" },
    { "arabic": "119", "roman": "CXIX" },
    { "arabic": "120", "roman": "CXX" },
    { "arabic": "121", "roman": "CXXI" },
    { "arabic": "122", "roman": "CXXII" },
    { "arabic": "123", "roman": "CXXIII" },
    { "arabic": "124", "roman": "CXXIV" },
    { "arabic": "125", "roman": "CXXV" },
    { "arabic": "126", "roman": "CXXVI" },
    { "arabic": "127", "roman": "CXXVII" },
    { "arabic": "128", "roman": "CXXVIII" },
    { "arabic": "129", "roman": "CXXIX" },
    { "arabic": "130", "roman": "CXXX" },
    { "arabic": "131", "roman": "CXXXI" },
    { "arabic": "132", "roman": "CXXXII" },
    { "arabic": "133", "roman": "CXXXIII" },
    { "arabic": "134", "roman": "CXXXIV" },
    { "arabic": "135", "roman": "CXXXV" },
    { "arabic": "136", "roman": "CXXXVI" },
    { "arabic": "137", "roman": "CXXXVII" },
    { "arabic": "138", "roman": "CXXXVIII" },
    { "arabic": "139", "roman": "CXXXIX" },
    { "arabic": "140", "roman": "CXL" },
    { "arabic": "141", "roman": "CXLI" },
    { "arabic": "142", "roman": "CXLII" },
    { "arabic": "143", "roman": "CXLIII" },
    { "arabic": "144", "roman": "CXLIV" },
    { "arabic": "145", "roman": "CXLV" },
    { "arabic": "146", "roman": "CXLVI" },
    { "arabic": "147", "roman": "CXLVII" },
    { "arabic": "148", "roman": "CXLVIII" },
    { "arabic": "149", "roman": "CXLIX" },
    { "arabic": "150", "roman": "CL" },
    { "arabic": "151", "roman": "CLI" },
    { "arabic": "152", "roman": "CLII" },
    { "arabic": "153", "roman": "CLIII" },
    { "arabic": "154", "roman": "CLIV" },
    { "arabic": "155", "roman": "CLV" },
    { "arabic": "156", "roman": "CLVI" },
    { "arabic": "157", "roman": "CLVII" },
    { "arabic": "158", "roman": "CLVIII" },
    { "arabic": "159", "roman": "CLIX" },
    { "arabic": "160", "roman": "CLX" },
    { "arabic": "161", "roman": "CLXI" },
    { "arabic": "162", "roman": "CLXII" },
    { "arabic": "163", "roman": "CLXIII" },
    { "arabic": "164", "roman": "CLXIV" },
    { "arabic": "165", "roman": "CLXV" },
    { "arabic": "166", "roman": "CLXVI" },
    { "arabic": "167", "roman": "CLXVII" },
    { "arabic": "168", "roman": "CLXVIII" },
    { "arabic": "169", "roman": "CLXIX" },
    { "arabic": "170", "roman": "CLXX" },
    { "arabic": "171", "roman": "CLXXI" },
    { "arabic": "172", "roman": "CLXXII" },
    { "arabic": "173", "roman": "CLXXIII" },
    { "arabic": "174", "roman": "CLXXIV" },
    { "arabic": "175", "roman": "CLXXV" },
    { "arabic": "176", "roman": "CLXXVI" },
    { "arabic": "177", "roman": "CLXXVII" },
    { "arabic": "178", "roman": "CLXXVIII" },
    { "arabic": "179", "roman": "CLXXIX" },
    { "arabic": "180", "roman": "CLXXX" },
    { "arabic": "181", "roman": "CLXXXI" },
    { "arabic": "182", "roman": "CLXXXII" },
    { "arabic": "183", "roman": "CLXXXIII" },
    { "arabic": "184", "roman": "CLXXXIV" },
    { "arabic": "185", "roman": "CLXXXV" },
    { "arabic": "186", "roman": "CLXXXVI" },
    { "arabic": "187", "roman": "CLXXXVII" },
    { "arabic": "188", "roman": "CLXXXVIII" },
    { "arabic": "189", "roman": "CLXXXIX" },
    { "arabic": "190", "roman": "CXC" },
    { "arabic": "191", "roman": "CXCI" },
    { "arabic": "192", "roman": "CXCII" },
    { "arabic": "193", "roman": "CXCIII" },
    { "arabic": "194", "roman": "CXCIV" },
    { "arabic": "195", "roman": "CXCV" },
    { "arabic": "196", "roman": "CXCVI" },
    { "arabic": "197", "roman": "CXCVII" },
    { "arabic": "198", "roman": "CXCVIII" },
    { "arabic": "199", "roman": "CXCIX" },
    { "arabic": "200", "roman": "CC" },
    { "arabic": "201", "roman": "CCI" },
    { "arabic": "202", "roman": "CCII" },
    { "arabic": "203", "roman": "CCIII" },
    { "arabic": "204", "roman": "CCIV" },
    { "arabic": "205", "roman": "CCV" },
    { "arabic": "206", "roman": "CCVI" },
    { "arabic": "207", "roman": "CCVII" },
    { "arabic": "208", "roman": "CCVIII" },
    { "arabic": "209", "roman": "CCIX" },
    { "arabic": "210", "roman": "CCX" },
    { "arabic": "211", "roman": "CCXI" },
    { "arabic": "212", "roman": "CCXII" },
    { "arabic": "213", "roman": "CCXIII" },
    { "arabic": "214", "roman": "CCXIV" },
    { "arabic": "215", "roman": "CCXV" },
    { "arabic": "216", "roman": "CCXVI" },
    { "arabic": "217", "roman": "CCXVII" },
    { "arabic": "218", "roman": "CCXVIII" },
    { "arabic": "219", "roman": "CCXIX" },
    { "arabic": "220", "roman": "CCXX" },
    { "arabic": "221", "roman": "CCXXI" },
    { "arabic": "222", "roman": "CCXXII" },
    { "arabic": "223", "roman": "CCXXIII" },
    { "arabic": "224", "roman": "CCXXIV" },
    { "arabic": "225", "roman": "CCXXV" },
    { "arabic": "226", "roman": "CCXXVI" },
    { "arabic": "227", "roman": "CCXXVII" },
    { "arabic": "228", "roman": "CCXXVIII" },
    { "arabic": "229", "roman": "CCXXIX" },
    { "arabic": "230", "roman": "CCXXX" },
    { "arabic": "231", "roman": "CCXXXI" },
    { "arabic": "232", "roman": "CCXXXII" },
    { "arabic": "233", "roman": "CCXXXIII" },
    { "arabic": "234", "roman": "CCXXXIV" },
    { "arabic": "235", "roman": "CCXXXV" },
    { "arabic": "236", "roman": "CCXXXVI" },
    { "arabic": "237", "roman": "CCXXXVII" },
    { "arabic": "238", "roman": "CCXXXVIII" },
    { "arabic": "239", "roman": "CCXXXIX" },
    { "arabic": "240", "roman": "CCXL" },
    { "arabic": "241", "roman": "CCXLI" },
    { "arabic": "242", "roman": "CCXLII" },
    { "arabic": "243", "roman": "CCXLIII" },
    { "arabic": "244", "roman": "CCXLIV" },
    { "arabic": "245", "roman": "CCXLV" },
    { "arabic": "246", "roman": "CCXLVI" },
    { "arabic": "247", "roman": "CCXLVII" },
    { "arabic": "248", "roman": "CCXLVIII" },
    { "arabic": "249", "roman": "CCXLIX" },
    { "arabic": "250", "roman": "CCL" },
    { "arabic": "251", "roman": "CCLI" },
    { "arabic": "252", "roman": "CCLII" },
    { "arabic": "253", "roman": "CCLIII" },
    { "arabic": "254", "roman": "CCLIV" },
    { "arabic": "255", "roman": "CCLV" },
    { "arabic": "256", "roman": "CCLVI" },
    { "arabic": "257", "roman": "CCLVII" },
    { "arabic": "258", "roman": "CCLVIII" },
    { "arabic": "259", "roman": "CCLIX" },
    { "arabic": "260", "roman": "CCLX" },
    { "arabic": "261", "roman": "CCLXI" },
    { "arabic": "262", "roman": "CCLXII" },
    { "arabic": "263", "roman": "CCLXIII" },
    { "arabic": "264", "roman": "CCLXIV" },
    { "arabic": "265", "roman": "CCLXV" },
    { "arabic": "266", "roman": "CCLXVI" },
    { "arabic": "267", "roman": "CCLXVII" },
    { "arabic": "268", "roman": "CCLXVIII" },
    { "arabic": "269", "roman": "CCLXIX" },
    { "arabic": "270", "roman": "CCLXX" },
    { "arabic": "271", "roman": "CCLXXI" },
    { "arabic": "272", "roman": "CCLXXII" },
    { "arabic": "273", "roman": "CCLXXIII" },
    { "arabic": "274", "roman": "CCLXXIV" },
    { "arabic": "275", "roman": "CCLXXV" },
    { "arabic": "276", "roman": "CCLXXVI" },
    { "arabic": "277", "roman": "CCLXXVII" },
    { "arabic": "278", "roman": "CCLXXVIII" },
    { "arabic": "279", "roman": "CCLXXIX" },
    { "arabic": "280", "roman": "CCLXXX" },
    { "arabic": "281", "roman": "CCLXXXI" },
    { "arabic": "282", "roman": "CCLXXXII" },
    { "arabic": "283", "roman": "CCLXXXIII" },
    { "arabic": "284", "roman": "CCLXXXIV" },
    { "arabic": "285", "roman": "CCLXXXV" },
    { "arabic": "286", "roman": "CCLXXXVI" },
    { "arabic": "287", "roman": "CCLXXXVII" },
    { "arabic": "288", "roman": "CCLXXXVIII" },
    { "arabic": "289", "roman": "CCLXXXIX" },
    { "arabic": "290", "roman": "CCXC" },
    { "arabic": "291", "roman": "CCXCI" },
    { "arabic": "292", "roman": "CCXCII" },
    { "arabic": "293", "roman": "CCXCIII" },
    { "arabic": "294", "roman": "CCXCIV" },
    { "arabic": "295", "roman": "CCXCV" },
    { "arabic": "296", "roman": "CCXCVI" },
    { "arabic": "297", "roman": "CCXCVII" },
    { "arabic": "298", "roman": "CCXCVIII" },
    { "arabic": "299", "roman": "CCXCIX" },
    { "arabic": "300", "roman": "CCC" },
    { "arabic": "301", "roman": "CCCI" },
    { "arabic": "302", "roman": "CCCII" },
    { "arabic": "303", "roman": "CCCIII" },
    { "arabic": "304", "roman": "CCCIV" },
    { "arabic": "305", "roman": "CCCV" },
    { "arabic": "306", "roman": "CCCVI" },
    { "arabic": "307", "roman": "CCCVII" },
    { "arabic": "308", "roman": "CCCVIII" },
    { "arabic": "309", "roman": "CCCIX" },
    { "arabic": "310", "roman": "CCCX" },
    { "arabic": "311", "roman": "CCCXI" },
    { "arabic": "312", "roman": "CCCXII" },
    { "arabic": "313", "roman": "CCCXIII" },
    { "arabic": "314", "roman": "CCCXIV" },
    { "arabic": "315", "roman": "CCCXV" },
    { "arabic": "316", "roman": "CCCXVI" },
    { "arabic": "317", "roman": "CCCXVII" },
    { "arabic": "318", "roman": "CCCXVIII" },
    { "arabic": "319", "roman": "CCCXIX" },
    { "arabic": "320", "roman": "CCCXX" },
    { "arabic": "321", "roman": "CCCXXI" },
    { "arabic": "322", "roman": "CCCXXII" },
    { "arabic": "323", "roman": "CCCXXIII" },
    { "arabic": "324", "roman": "CCCXXIV" },
    { "arabic": "325", "roman": "CCCXXV" },
    { "arabic": "326", "roman": "CCCXXVI" },
    { "arabic": "327", "roman": "CCCXXVII" },
    { "arabic": "328", "roman": "CCCXXVIII" },
    { "arabic": "329", "roman": "CCCXXIX" },
    { "arabic": "330", "roman": "CCCXXX" },
    { "arabic": "331", "roman": "CCCXXXI" },
    { "arabic": "332", "roman": "CCCXXXII" },
    { "arabic": "333", "roman": "CCCXXXIII" },
    { "arabic": "334", "roman": "CCCXXXIV" },
    { "arabic": "335", "roman": "CCCXXXV" },
    { "arabic": "336", "roman": "CCCXXXVI" },
    { "arabic": "337", "roman": "CCCXXXVII" },
    { "arabic": "338", "roman": "CCCXXXVIII" },
    { "arabic": "339", "roman": "CCCXXXIX" },
    { "arabic": "340", "roman": "CCCXL" },
    { "arabic": "341", "roman": "CCCXLI" },
    { "arabic": "342", "roman": "CCCXLII" },
    { "arabic": "343", "roman": "CCCXLIII" },
    { "arabic": "344", "roman": "CCCXLIV" },
    { "arabic": "345", "roman": "CCCXLV" },
    { "arabic": "346", "roman": "CCCXLVI" },
    { "arabic": "347", "roman": "CCCXLVII" },
    { "arabic": "348", "roman": "CCCXLVIII" },
    { "arabic": "349", "roman": "CCCXLIX" },
    { "arabic": "350", "roman": "CCCL" },
    { "arabic": "351", "roman": "CCCLI" },
    { "arabic": "352", "roman": "CCCLII" },
    { "arabic": "353", "roman": "CCCLIII" },
    { "arabic": "354", "roman": "CCCLIV" },
    { "arabic": "355", "roman": "CCCLV" },
    { "arabic": "356", "roman": "CCCLVI" },
    { "arabic": "357", "roman": "CCCLVII" },
    { "arabic": "358", "roman": "CCCLVIII" },
    { "arabic": "359", "roman": "CCCLIX" },
    { "arabic": "360", "roman": "CCCLX" },
    { "arabic": "361", "roman": "CCCLXI" },
    { "arabic": "362", "roman": "CCCLXII" },
    { "arabic": "363", "roman": "CCCLXIII" },
    { "arabic": "364", "roman": "CCCLXIV" },
    { "arabic": "365", "roman": "CCCLXV" },
    { "arabic": "366", "roman": "CCCLXVI" },
    { "arabic": "367", "roman": "CCCLXVII" },
    { "arabic": "368", "roman": "CCCLXVIII" },
    { "arabic": "369", "roman": "CCCLXIX" },
    { "arabic": "370", "roman": "CCCLXX" },
    { "arabic": "371", "roman": "CCCLXXI" },
    { "arabic": "372", "roman": "CCCLXXII" },
    { "arabic": "373", "roman": "CCCLXXIII" },
    { "arabic": "374", "roman": "CCCLXXIV" },
    { "arabic": "375", "roman": "CCCLXXV" },
    { "arabic": "376", "roman": "CCCLXXVI" },
    { "arabic": "377", "roman": "CCCLXXVII" },
    { "arabic": "378", "roman": "CCCLXXVIII" },
    { "arabic": "379", "roman": "CCCLXXIX" },
    { "arabic": "380", "roman": "CCCLXXX" },
    { "arabic": "381", "roman": "CCCLXXXI" },
    { "arabic": "382", "roman": "CCCLXXXII" },
    { "arabic": "383", "roman": "CCCLXXXIII" },
    { "arabic": "384", "roman": "CCCLXXXIV" },
    { "arabic": "385", "roman": "CCCLXXXV" },
    { "arabic": "386", "roman": "CCCLXXXVI" },
    { "arabic": "387", "roman": "CCCLXXXVII" },
    { "arabic": "388", "roman": "CCCLXXXVIII" },
    { "arabic": "389", "roman": "CCCLXXXIX" },
    { "arabic": "390", "roman": "CCCXC" },
    { "arabic": "391", "roman": "CCCXCI" },
    { "arabic": "392", "roman": "CCCXCII" },
    { "arabic": "393", "roman": "CCCXCIII" },
    { "arabic": "394", "roman": "CCCXCIV" },
    { "arabic": "395", "roman": "CCCXCV" },
    { "arabic": "396", "roman": "CCCXCVI" },
    { "arabic": "397", "roman": "CCCXCVII" },
    { "arabic": "398", "roman": "CCCXCVIII" },
    { "arabic": "399", "roman": "CCCXCIX" },
    { "arabic": "400", "roman": "CD" },
    { "arabic": "401", "roman": "CDI" },
    { "arabic": "402", "roman": "CDII" },
    { "arabic": "403", "roman": "CDIII" },
    { "arabic": "404", "roman": "CDIV" },
    { "arabic": "405", "roman": "CDV" },
    { "arabic": "406", "roman": "CDVI" },
    { "arabic": "407", "roman": "CDVII" },
    { "arabic": "408", "roman": "CDVIII" },
    { "arabic": "409", "roman": "CDIX" },
    { "arabic": "410", "roman": "CDX" },
    { "arabic": "411", "roman": "CDXI" },
    { "arabic": "412", "roman": "CDXII" },
    { "arabic": "413", "roman": "CDXIII" },
    { "arabic": "414", "roman": "CDXIV" },
    { "arabic": "415", "roman": "CDXV" },
    { "arabic": "416", "roman": "CDXVI" },
    { "arabic": "417", "roman": "CDXVII" },
    { "arabic": "418", "roman": "CDXVIII" },
    { "arabic": "419", "roman": "CDXIX" },
    { "arabic": "420", "roman": "CDXX" },
    { "arabic": "421", "roman": "CDXXI" },
    { "arabic": "422", "roman": "CDXXII" },
    { "arabic": "423", "roman": "CDXXIII" },
    { "arabic": "424", "roman": "CDXXIV" },
    { "arabic": "425", "roman": "CDXXV" },
    { "arabic": "426", "roman": "CDXXVI" },
    { "arabic": "427", "roman": "CDXXVII" },
    { "arabic": "428", "roman": "CDXXVIII" },
    { "arabic": "429", "roman": "CDXXIX" },
    { "arabic": "430", "roman": "CDXXX" },
    { "arabic": "431", "roman": "CDXXXI" },
    { "arabic": "432", "roman": "CDXXXII" },
    { "arabic": "433", "roman": "CDXXXIII" },
    { "arabic": "434", "roman": "CDXXXIV" },
    { "arabic": "435", "roman": "CDXXXV" },
    { "arabic": "436", "roman": "CDXXXVI" },
    { "arabic": "437", "roman": "CDXXXVII" },
    { "arabic": "438", "roman": "CDXXXVIII" },
    { "arabic": "439", "roman": "CDXXXIX" },
    { "arabic": "440", "roman": "CDXL" },
    { "arabic": "441", "roman": "CDXLI" },
    { "arabic": "442", "roman": "CDXLII" },
    { "arabic": "443", "roman": "CDXLIII" },
    { "arabic": "444", "roman": "CDXLIV" },
    { "arabic": "445", "roman": "CDXLV" },
    { "arabic": "446", "roman": "CDXLVI" },
    { "arabic": "447", "roman": "CDXLVII" },
    { "arabic": "448", "roman": "CDXLVIII" },
    { "arabic": "449", "roman": "CDXLIX" },
    { "arabic": "450", "roman": "CDL" },
    { "arabic": "451", "roman": "CDLI" },
    { "arabic": "452", "roman": "CDLII" },
    { "arabic": "453", "roman": "CDLIII" },
    { "arabic": "454", "roman": "CDLIV" },
    { "arabic": "455", "roman": "CDLV" },
    { "arabic": "456", "roman": "CDLVI" },
    { "arabic": "457", "roman": "CDLVII" },
    { "arabic": "458", "roman": "CDLVIII" },
    { "arabic": "459", "roman": "CDLIX" },
    { "arabic": "460", "roman": "CDLX" },
    { "arabic": "461", "roman": "CDLXI" },
    { "arabic": "462", "roman": "CDLXII" },
    { "arabic": "463", "roman": "CDLXIII" },
    { "arabic": "464", "roman": "CDLXIV" },
    { "arabic": "465", "roman": "CDLXV" },
    { "arabic": "466", "roman": "CDLXVI" },
    { "arabic": "467", "roman": "CDLXVII" },
    { "arabic": "468", "roman": "CDLXVIII" },
    { "arabic": "469", "roman": "CDLXIX" },
    { "arabic": "470", "roman": "CDLXX" },
    { "arabic": "471", "roman": "CDLXXI" },
    { "arabic": "472", "roman": "CDLXXII" },
    { "arabic": "473", "roman": "CDLXXIII" },
    { "arabic": "474", "roman": "CDLXXIV" },
    { "arabic": "475", "roman": "CDLXXV" },
    { "arabic": "476", "roman": "CDLXXVI" },
    { "arabic": "477", "roman": "CDLXXVII" },
    { "arabic": "478", "roman": "CDLXXVIII" },
    { "arabic": "479", "roman": "CDLXXIX" },
    { "arabic": "480", "roman": "CDLXXX" },
    { "arabic": "481", "roman": "CDLXXXI" },
    { "arabic": "482", "roman": "CDLXXXII" },
    { "arabic": "483", "roman": "CDLXXXIII" },
    { "arabic": "484", "roman": "CDLXXXIV" },
    { "arabic": "485", "roman": "CDLXXXV" },
    { "arabic": "486", "roman": "CDLXXXVI" },
    { "arabic": "487", "roman": "CDLXXXVII" },
    { "arabic": "488", "roman": "CDLXXXVIII" },
    { "arabic": "489", "roman": "CDLXXXIX" },
    { "arabic": "490", "roman": "CDXC" },
    { "arabic": "491", "roman": "CDXCI" },
    { "arabic": "492", "roman": "CDXCII" },
    { "arabic": "493", "roman": "CDXCIII" },
    { "arabic": "494", "roman": "CDXCIV" },
    { "arabic": "495", "roman": "CDXCV" },
    { "arabic": "496", "roman": "CDXCVI" },
    { "arabic": "497", "roman": "CDXCVII" },
    { "arabic": "498", "roman": "CDXCVIII" },
    { "arabic": "499", "roman": "CDXCIX" },
    { "arabic": "500", "roman": "D" },
    { "arabic": "501", "roman": "DI" },
    { "arabic": "502", "roman": "DII" },
    { "arabic": "503", "roman": "DIII" },
    { "arabic": "504", "roman": "DIV" },
    { "arabic": "505", "roman": "DV" },
    { "arabic": "506", "roman": "DVI" },
    { "arabic": "507", "roman": "DVII" },
    { "arabic": "508", "roman": "DVIII" },
    { "arabic": "509", "roman": "DIX" },
    { "arabic": "510", "roman": "DX" },
    { "arabic": "511", "roman": "DXI" },
    { "arabic": "512", "roman": "DXII" },
    { "arabic": "513", "roman": "DXIII" },
    { "arabic": "514", "roman": "DXIV" },
    { "arabic": "515", "roman": "DXV" },
    { "arabic": "516", "roman": "DXVI" },
    { "arabic": "517", "roman": "DXVII" },
    { "arabic": "518", "roman": "DXVIII" },
    { "arabic": "519", "roman": "DXIX" },
    { "arabic": "520", "roman": "DXX" },
    { "arabic": "521", "roman": "DXXI" },
    { "arabic": "522", "roman": "DXXII" },
    { "arabic": "523", "roman": "DXXIII" },
    { "arabic": "524", "roman": "DXXIV" },
    { "arabic": "525", "roman": "DXXV" },
    { "arabic": "526", "roman": "DXXVI" },
    { "arabic": "527", "roman": "DXXVII" },
    { "arabic": "528", "roman": "DXXVIII" },
    { "arabic": "529", "roman": "DXXIX" },
    { "arabic": "530", "roman": "DXXX" },
    { "arabic": "531", "roman": "DXXXI" },
    { "arabic": "532", "roman": "DXXXII" },
    { "arabic": "533", "roman": "DXXXIII" },
    { "arabic": "534", "roman": "DXXXIV" },
    { "arabic": "535", "roman": "DXXXV" },
    { "arabic": "536", "roman": "DXXXVI" },
    { "arabic": "537", "roman": "DXXXVII" },
    { "arabic": "538", "roman": "DXXXVIII" },
    { "arabic": "539", "roman": "DXXXIX" },
    { "arabic": "540", "roman": "DXL" },
    { "arabic": "541", "roman": "DXLI" },
    { "arabic": "542", "roman": "DXLII" },
    { "arabic": "543", "roman": "DXLIII" },
    { "arabic": "544", "roman": "DXLIV" },
    { "arabic": "545", "roman": "DXLV" },
    { "arabic": "546", "roman": "DXLVI" },
    { "arabic": "547", "roman": "DXLVII" },
    { "arabic": "548", "roman": "DXLVIII" },
    { "arabic": "549", "roman": "DXLIX" },
    { "arabic": "550", "roman": "DL" },
    { "arabic": "551", "roman": "DLI" },
    { "arabic": "552", "roman": "DLII" },
    { "arabic": "553", "roman": "DLIII" },
    { "arabic": "554", "roman": "DLIV" },
    { "arabic": "555", "roman": "DLV" },
    { "arabic": "556", "roman": "DLVI" },
    { "arabic": "557", "roman": "DLVII" },
    { "arabic": "558", "roman": "DLVIII" },
    { "arabic": "559", "roman": "DLIX" },
    { "arabic": "560", "roman": "DLX" },
    { "arabic": "561", "roman": "DLXI" },
    { "arabic": "562", "roman": "DLXII" },
    { "arabic": "563", "roman": "DLXIII" },
    { "arabic": "564", "roman": "DLXIV" },
    { "arabic": "565", "roman": "DLXV" },
    { "arabic": "566", "roman": "DLXVI" },
    { "arabic": "567", "roman": "DLXVII" },
    { "arabic": "568", "roman": "DLXVIII" },
    { "arabic": "569", "roman": "DLXIX" },
    { "arabic": "570", "roman": "DLXX" },
    { "arabic": "571", "roman": "DLXXI" },
    { "arabic": "572", "roman": "DLXXII" },
    { "arabic": "573", "roman": "DLXXIII" },
    { "arabic": "574", "roman": "DLXXIV" },
    { "arabic": "575", "roman": "DLXXV" },
    { "arabic": "576", "roman": "DLXXVI" },
    { "arabic": "577", "roman": "DLXXVII" },
    { "arabic": "578", "roman": "DLXXVIII" },
    { "arabic": "579", "roman": "DLXXIX" },
    { "arabic": "580", "roman": "DLXXX" },
    { "arabic": "581", "roman": "DLXXXI" },
    { "arabic": "582", "roman": "DLXXXII" },
    { "arabic": "583", "roman": "DLXXXIII" },
    { "arabic": "584", "roman": "DLXXXIV" },
    { "arabic": "585", "roman": "DLXXXV" },
    { "arabic": "586", "roman": "DLXXXVI" },
    { "arabic": "587", "roman": "DLXXXVII" },
    { "arabic": "588", "roman": "DLXXXVIII" },
    { "arabic": "589", "roman": "DLXXXIX" },
    { "arabic": "590", "roman": "DXC" },
    { "arabic": "591", "roman": "DXCI" },
    { "arabic": "592", "roman": "DXCII" },
    { "arabic": "593", "roman": "DXCIII" },
    { "arabic": "594", "roman": "DXCIV" },
    { "arabic": "595", "roman": "DXCV" },
    { "arabic": "596", "roman": "DXCVI" },
    { "arabic": "597", "roman": "DXCVII" },
    { "arabic": "598", "roman": "DXCVIII" },
    { "arabic": "599", "roman": "DXCIX" },
    { "arabic": "600", "roman": "DC" },
    { "arabic": "601", "roman": "DCI" },
    { "arabic": "602", "roman": "DCII" },
    { "arabic": "603", "roman": "DCIII" },
    { "arabic": "604", "roman": "DCIV" },
    { "arabic": "605", "roman": "DCV" },
    { "arabic": "606", "roman": "DCVI" },
    { "arabic": "607", "roman": "DCVII" },
    { "arabic": "608", "roman": "DCVIII" },
    { "arabic": "609", "roman": "DCIX" },
    { "arabic": "610", "roman": "DCX" },
    { "arabic": "611", "roman": "DCXI" },
    { "arabic": "612", "roman": "DCXII" },
    { "arabic": "613", "roman": "DCXIII" },
    { "arabic": "614", "roman": "DCXIV" },
    { "arabic": "615", "roman": "DCXV" },
    { "arabic": "616", "roman": "DCXVI" },
    { "arabic": "617", "roman": "DCXVII" },
    { "arabic": "618", "roman": "DCXVIII" },
    { "arabic": "619", "roman": "DCXIX" },
    { "arabic": "620", "roman": "DCXX" },
    { "arabic": "621", "roman": "DCXXI" },
    { "arabic": "622", "roman": "DCXXII" },
    { "arabic": "623", "roman": "DCXXIII" },
    { "arabic": "624", "roman": "DCXXIV" },
    { "arabic": "625", "roman": "DCXXV" },
    { "arabic": "626", "roman": "DCXXVI" },
    { "arabic": "627", "roman": "DCXXVII" },
    { "arabic": "628", "roman": "DCXXVIII" },
    { "arabic": "629", "roman": "DCXXIX" },
    { "arabic": "630", "roman": "DCXXX" },
    { "arabic": "631", "roman": "DCXXXI" },
    { "arabic": "632", "roman": "DCXXXII" },
    { "arabic": "633", "roman": "DCXXXIII" },
    { "arabic": "634", "roman": "DCXXXIV" },
    { "arabic": "635", "roman": "DCXXXV" },
    { "arabic": "636", "roman": "DCXXXVI" },
    { "arabic": "637", "roman": "DCXXXVII" },
    { "arabic": "638", "roman": "DCXXXVIII" },
    { "arabic": "639", "roman": "DCXXXIX" },
    { "arabic": "640", "roman": "DCXL" },
    { "arabic": "641", "roman": "DCXLI" },
    { "arabic": "642", "roman": "DCXLII" },
    { "arabic": "643", "roman": "DCXLIII" },
    { "arabic": "644", "roman": "DCXLIV" },
    { "arabic": "645", "roman": "DCXLV" },
    { "arabic": "646", "roman": "DCXLVI" },
    { "arabic": "647", "roman": "DCXLVII" },
    { "arabic": "648", "roman": "DCXLVIII" },
    { "arabic": "649", "roman": "DCXLIX" },
    { "arabic": "650", "roman": "DCL" },
    { "arabic": "651", "roman": "DCLI" },
    { "arabic": "652", "roman": "DCLII" },
    { "arabic": "653", "roman": "DCLIII" },
    { "arabic": "654", "roman": "DCLIV" },
    { "arabic": "655", "roman": "DCLV" },
    { "arabic": "656", "roman": "DCLVI" },
    { "arabic": "657", "roman": "DCLVII" },
    { "arabic": "658", "roman": "DCLVIII" },
    { "arabic": "659", "roman": "DCLIX" },
    { "arabic": "660", "roman": "DCLX" },
    { "arabic": "661", "roman": "DCLXI" },
    { "arabic": "662", "roman": "DCLXII" },
    { "arabic": "663", "roman": "DCLXIII" },
    { "arabic": "664", "roman": "DCLXIV" },
    { "arabic": "665", "roman": "DCLXV" },
    { "arabic": "666", "roman": "DCLXVI" },
    { "arabic": "667", "roman": "DCLXVII" },
    { "arabic": "668", "roman": "DCLXVIII" },
    { "arabic": "669", "roman": "DCLXIX" },
    { "arabic": "670", "roman": "DCLXX" },
    { "arabic": "671", "roman": "DCLXXI" },
    { "arabic": "672", "roman": "DCLXXII" },
    { "arabic": "673", "roman": "DCLXXIII" },
    { "arabic": "674", "roman": "DCLXXIV" },
    { "arabic": "675", "roman": "DCLXXV" },
    { "arabic": "676", "roman": "DCLXXVI" },
    { "arabic": "677", "roman": "DCLXXVII" },
    { "arabic": "678", "roman": "DCLXXVIII" },
    { "arabic": "679", "roman": "DCLXXIX" },
    { "arabic": "680", "roman": "DCLXXX" },
    { "arabic": "681", "roman": "DCLXXXI" },
    { "arabic": "682", "roman": "DCLXXXII" },
    { "arabic": "683", "roman": "DCLXXXIII" },
    { "arabic": "684", "roman": "DCLXXXIV" },
    { "arabic": "685", "roman": "DCLXXXV" },
    { "arabic": "686", "roman": "DCLXXXVI" },
    { "arabic": "687", "roman": "DCLXXXVII" },
    { "arabic": "688", "roman": "DCLXXXVIII" },
    { "arabic": "689", "roman": "DCLXXXIX" },
    { "arabic": "690", "roman": "DCXC" },
    { "arabic": "691", "roman": "DCXCI" },
    { "arabic": "692", "roman": "DCXCII" },
    { "arabic": "693", "roman": "DCXCIII" },
    { "arabic": "694", "roman": "DCXCIV" },
    { "arabic": "695", "roman": "DCXCV" },
    { "arabic": "696", "roman": "DCXCVI" },
    { "arabic": "697", "roman": "DCXCVII" },
    { "arabic": "698", "roman": "DCXCVIII" },
    { "arabic": "699", "roman": "DCXCIX" },
    { "arabic": "700", "roman": "DCC" },
    { "arabic": "701", "roman": "DCCI" },
    { "arabic": "702", "roman": "DCCII" },
    { "arabic": "703", "roman": "DCCIII" },
    { "arabic": "704", "roman": "DCCIV" },
    { "arabic": "705", "roman": "DCCV" },
    { "arabic": "706", "roman": "DCCVI" },
    { "arabic": "707", "roman": "DCCVII" },
    { "arabic": "708", "roman": "DCCVIII" },
    { "arabic": "709", "roman": "DCCIX" },
    { "arabic": "710", "roman": "DCCX" },
    { "arabic": "711", "roman": "DCCXI" },
    { "arabic": "712", "roman": "DCCXII" },
    { "arabic": "713", "roman": "DCCXIII" },
    { "arabic": "714", "roman": "DCCXIV" },
    { "arabic": "715", "roman": "DCCXV" },
    { "arabic": "716", "roman": "DCCXVI" },
    { "arabic": "717", "roman": "DCCXVII" },
    { "arabic": "718", "roman": "DCCXVIII" },
    { "arabic": "719", "roman": "DCCXIX" },
    { "arabic": "720", "roman": "DCCXX" },
    { "arabic": "721", "roman": "DCCXXI" },
    { "arabic": "722", "roman": "DCCXXII" },
    { "arabic": "723", "roman": "DCCXXIII" },
    { "arabic": "724", "roman": "DCCXXIV" },
    { "arabic": "725", "roman": "DCCXXV" },
    { "arabic": "726", "roman": "DCCXXVI" },
    { "arabic": "727", "roman": "DCCXXVII" },
    { "arabic": "728", "roman": "DCCXXVIII" },
    { "arabic": "729", "roman": "DCCXXIX" },
    { "arabic": "730", "roman": "DCCXXX" },
    { "arabic": "731", "roman": "DCCXXXI" },
    { "arabic": "732", "roman": "DCCXXXII" },
    { "arabic": "733", "roman": "DCCXXXIII" },
    { "arabic": "734", "roman": "DCCXXXIV" },
    { "arabic": "735", "roman": "DCCXXXV" },
    { "arabic": "736", "roman": "DCCXXXVI" },
    { "arabic": "737", "roman": "DCCXXXVII" },
    { "arabic": "738", "roman": "DCCXXXVIII" },
    { "arabic": "739", "roman": "DCCXXXIX" },
    { "arabic": "740", "roman": "DCCXL" },
    { "arabic": "741", "roman": "DCCXLI" },
    { "arabic": "742", "roman": "DCCXLII" },
    { "arabic": "743", "roman": "DCCXLIII" },
    { "arabic": "744", "roman": "DCCXLIV" },
    { "arabic": "745", "roman": "DCCXLV" },
    { "arabic": "746", "roman": "DCCXLVI" },
    { "arabic": "747", "roman": "DCCXLVII" },
    { "arabic": "748", "roman": "DCCXLVIII" },
    { "arabic": "749", "roman": "DCCXLIX" },
    { "arabic": "750", "roman": "DCCL" },
    { "arabic": "751", "roman": "DCCLI" },
    { "arabic": "752", "roman": "DCCLII" },
    { "arabic": "753", "roman": "DCCLIII" },
    { "arabic": "754", "roman": "DCCLIV" },
    { "arabic": "755", "roman": "DCCLV" },
    { "arabic": "756", "roman": "DCCLVI" },
    { "arabic": "757", "roman": "DCCLVII" },
    { "arabic": "758", "roman": "DCCLVIII" },
    { "arabic": "759", "roman": "DCCLIX" },
    { "arabic": "760", "roman": "DCCLX" },
    { "arabic": "761", "roman": "DCCLXI" },
    { "arabic": "762", "roman": "DCCLXII" },
    { "arabic": "763", "roman": "DCCLXIII" },
    { "arabic": "764", "roman": "DCCLXIV" },
    { "arabic": "765", "roman": "DCCLXV" },
    { "arabic": "766", "roman": "DCCLXVI" },
    { "arabic": "767", "roman": "DCCLXVII" },
    { "arabic": "768", "roman": "DCCLXVIII" },
    { "arabic": "769", "roman": "DCCLXIX" },
    { "arabic": "770", "roman": "DCCLXX" },
    { "arabic": "771", "roman": "DCCLXXI" },
    { "arabic": "772", "roman": "DCCLXXII" },
    { "arabic": "773", "roman": "DCCLXXIII" },
    { "arabic": "774", "roman": "DCCLXXIV" },
    { "arabic": "775", "roman": "DCCLXXV" },
    { "arabic": "776", "roman": "DCCLXXVI" },
    { "arabic": "777", "roman": "DCCLXXVII" },
    { "arabic": "778", "roman": "DCCLXXVIII" },
    { "arabic": "779", "roman": "DCCLXXIX" },
    { "arabic": "780", "roman": "DCCLXXX" },
    { "arabic": "781", "roman": "DCCLXXXI" },
    { "arabic": "782", "roman": "DCCLXXXII" },
    { "arabic": "783", "roman": "DCCLXXXIII" },
    { "arabic": "784", "roman": "DCCLXXXIV" },
    { "arabic": "785", "roman": "DCCLXXXV" },
    { "arabic": "786", "roman": "DCCLXXXVI" },
    { "arabic": "787", "roman": "DCCLXXXVII" },
    { "arabic": "788", "roman": "DCCLXXXVIII" },
    { "arabic": "789", "roman": "DCCLXXXIX" },
    { "arabic": "790", "roman": "DCCXC" },
    { "arabic": "791", "roman": "DCCXCI" },
    { "arabic": "792", "roman": "DCCXCII" },
    { "arabic": "793", "roman": "DCCXCIII" },
    { "arabic": "794", "roman": "DCCXCIV" },
    { "arabic": "795", "roman": "DCCXCV" },
    { "arabic": "796", "roman": "DCCXCVI" },
    { "arabic": "797", "roman": "DCCXCVII" },
    { "arabic": "798", "roman": "DCCXCVIII" },
    { "arabic": "799", "roman": "DCCXCIX" },
    { "arabic": "800", "roman": "DCCC" },
    { "arabic": "801", "roman": "DCCCI" },
    { "arabic": "802", "roman": "DCCCII" },
    { "arabic": "803", "roman": "DCCCIII" },
    { "arabic": "804", "roman": "DCCCIV" },
    { "arabic": "805", "roman": "DCCCV" },
    { "arabic": "806", "roman": "DCCCVI" },
    { "arabic": "807", "roman": "DCCCVII" },
    { "arabic": "808", "roman": "DCCCVIII" },
    { "arabic": "809", "roman": "DCCCIX" },
    { "arabic": "810", "roman": "DCCCX" },
    { "arabic": "811", "roman": "DCCCXI" },
    { "arabic": "812", "roman": "DCCCXII" },
    { "arabic": "813", "roman": "DCCCXIII" },
    { "arabic": "814", "roman": "DCCCXIV" },
    { "arabic": "815", "roman": "DCCCXV" },
    { "arabic": "816", "roman": "DCCCXVI" },
    { "arabic": "817", "roman": "DCCCXVII" },
    { "arabic": "818", "roman": "DCCCXVIII" },
    { "arabic": "819", "roman": "DCCCXIX" },
    { "arabic": "820", "roman": "DCCCXX" },
    { "arabic": "821", "roman": "DCCCXXI" },
    { "arabic": "822", "roman": "DCCCXXII" },
    { "arabic": "823", "roman": "DCCCXXIII" },
    { "arabic": "824", "roman": "DCCCXXIV" },
    { "arabic": "825", "roman": "DCCCXXV" },
    { "arabic": "826", "roman": "DCCCXXVI" },
    { "arabic": "827", "roman": "DCCCXXVII" },
    { "arabic": "828", "roman": "DCCCXXVIII" },
    { "arabic": "829", "roman": "DCCCXXIX" },
    { "arabic": "830", "roman": "DCCCXXX" },
    { "arabic": "831", "roman": "DCCCXXXI" },
    { "arabic": "832", "roman": "DCCCXXXII" },
    { "arabic": "833", "roman": "DCCCXXXIII" },
    { "arabic": "834", "roman": "DCCCXXXIV" },
    { "arabic": "835", "roman": "DCCCXXXV" },
    { "arabic": "836", "roman": "DCCCXXXVI" },
    { "arabic": "837", "roman": "DCCCXXXVII" },
    { "arabic": "838", "roman": "DCCCXXXVIII" },
    { "arabic": "839", "roman": "DCCCXXXIX" },
    { "arabic": "840", "roman": "DCCCXL" },
    { "arabic": "841", "roman": "DCCCXLI" },
    { "arabic": "842", "roman": "DCCCXLII" },
    { "arabic": "843", "roman": "DCCCXLIII" },
    { "arabic": "844", "roman": "DCCCXLIV" },
    { "arabic": "845", "roman": "DCCCXLV" },
    { "arabic": "846", "roman": "DCCCXLVI" },
    { "arabic": "847", "roman": "DCCCXLVII" },
    { "arabic": "848", "roman": "DCCCXLVIII" },
    { "arabic": "849", "roman": "DCCCXLIX" },
    { "arabic": "850", "roman": "DCCCL" },
    { "arabic": "851", "roman": "DCCCLI" },
    { "arabic": "852", "roman": "DCCCLII" },
    { "arabic": "853", "roman": "DCCCLIII" },
    { "arabic": "854", "roman": "DCCCLIV" },
    { "arabic": "855", "roman": "DCCCLV" },
    { "arabic": "856", "roman": "DCCCLVI" },
    { "arabic": "857", "roman": "DCCCLVII" },
    { "arabic": "858", "roman": "DCCCLVIII" },
    { "arabic": "859", "roman": "DCCCLIX" },
    { "arabic": "860", "roman": "DCCCLX" },
    { "arabic": "861", "roman": "DCCCLXI" },
    { "arabic": "862", "roman": "DCCCLXII" },
    { "arabic": "863", "roman": "DCCCLXIII" },
    { "arabic": "864", "roman": "DCCCLXIV" },
    { "arabic": "865", "roman": "DCCCLXV" },
    { "arabic": "866", "roman": "DCCCLXVI" },
    { "arabic": "867", "roman": "DCCCLXVII" },
    { "arabic": "868", "roman": "DCCCLXVIII" },
    { "arabic": "869", "roman": "DCCCLXIX" },
    { "arabic": "870", "roman": "DCCCLXX" },
    { "arabic": "871", "roman": "DCCCLXXI" },
    { "arabic": "872", "roman": "DCCCLXXII" },
    { "arabic": "873", "roman": "DCCCLXXIII" },
    { "arabic": "874", "roman": "DCCCLXXIV" },
    { "arabic": "875", "roman": "DCCCLXXV" },
    { "arabic": "876", "roman": "DCCCLXXVI" },
    { "arabic": "877", "roman": "DCCCLXXVII" },
    { "arabic": "878", "roman": "DCCCLXXVIII" },
    { "arabic": "879", "roman": "DCCCLXXIX" },
    { "arabic": "880", "roman": "DCCCLXXX" },
    { "arabic": "881", "roman": "DCCCLXXXI" },
    { "arabic": "882", "roman": "DCCCLXXXII" },
    { "arabic": "883", "roman": "DCCCLXXXIII" },
    { "arabic": "884", "roman": "DCCCLXXXIV" },
    { "arabic": "885", "roman": "DCCCLXXXV" },
    { "arabic": "886", "roman": "DCCCLXXXVI" },
    { "arabic": "887", "roman": "DCCCLXXXVII" },
    { "arabic": "888", "roman": "DCCCLXXXVIII" },
    { "arabic": "889", "roman": "DCCCLXXXIX" },
    { "arabic": "890", "roman": "DCCCXC" },
    { "arabic": "891", "roman": "DCCCXCI" },
    { "arabic": "892", "roman": "DCCCXCII" },
    { "arabic": "893", "roman": "DCCCXCIII" },
    { "arabic": "894", "roman": "DCCCXCIV" },
    { "arabic": "895", "roman": "DCCCXCV" },
    { "arabic": "896", "roman": "DCCCXCVI" },
    { "arabic": "897", "roman": "DCCCXCVII" },
    { "arabic": "898", "roman": "DCCCXCVIII" },
    { "arabic": "899", "roman": "DCCCXCIX" },
    { "arabic": "900", "roman": "CM" },
    { "arabic": "901", "roman": "CMI" },
    { "arabic": "902", "roman": "CMII" },
    { "arabic": "903", "roman": "CMIII" },
    { "arabic": "904", "roman": "CMIV" },
    { "arabic": "905", "roman": "CMV" },
    { "arabic": "906", "roman": "CMVI" },
    { "arabic": "907", "roman": "CMVII" },
    { "arabic": "908", "roman": "CMVIII" },
    { "arabic": "909", "roman": "CMIX" },
    { "arabic": "910", "roman": "CMX" },
    { "arabic": "911", "roman": "CMXI" },
    { "arabic": "912", "roman": "CMXII" },
    { "arabic": "913", "roman": "CMXIII" },
    { "arabic": "914", "roman": "CMXIV" },
    { "arabic": "915", "roman": "CMXV" },
    { "arabic": "916", "roman": "CMXVI" },
    { "arabic": "917", "roman": "CMXVII" },
    { "arabic": "918", "roman": "CMXVIII" },
    { "arabic": "919", "roman": "CMXIX" },
    { "arabic": "920", "roman": "CMXX" },
    { "arabic": "921", "roman": "CMXXI" },
    { "arabic": "922", "roman": "CMXXII" },
    { "arabic": "923", "roman": "CMXXIII" },
    { "arabic": "924", "roman": "CMXXIV" },
    { "arabic": "925", "roman": "CMXXV" },
    { "arabic": "926", "roman": "CMXXVI" },
    { "arabic": "927", "roman": "CMXXVII" },
    { "arabic": "928", "roman": "CMXXVIII" },
    { "arabic": "929", "roman": "CMXXIX" },
    { "arabic": "930", "roman": "CMXXX" },
    { "arabic": "931", "roman": "CMXXXI" },
    { "arabic": "932", "roman": "CMXXXII" },
    { "arabic": "933", "roman": "CMXXXIII" },
    { "arabic": "934", "roman": "CMXXXIV" },
    { "arabic": "935", "roman": "CMXXXV" },
    { "arabic": "936", "roman": "CMXXXVI" },
    { "arabic": "937", "roman": "CMXXXVII" },
    { "arabic": "938", "roman": "CMXXXVIII" },
    { "arabic": "939", "roman": "CMXXXIX" },
    { "arabic": "940", "roman": "CMXL" },
    { "arabic": "941", "roman": "CMXLI" },
    { "arabic": "942", "roman": "CMXLII" },
    { "arabic": "943", "roman": "CMXLIII" },
    { "arabic": "944", "roman": "CMXLIV" },
    { "arabic": "945", "roman": "CMXLV" },
    { "arabic": "946", "roman": "CMXLVI" },
    { "arabic": "947", "roman": "CMXLVII" },
    { "arabic": "948", "roman": "CMXLVIII" },
    { "arabic": "949", "roman": "CMXLIX" },
    { "arabic": "950", "roman": "CML" },
    { "arabic": "951", "roman": "CMLI" },
    { "arabic": "952", "roman": "CMLII" },
    { "arabic": "953", "roman": "CMLIII" },
    { "arabic": "954", "roman": "CMLIV" },
    { "arabic": "955", "roman": "CMLV" },
    { "arabic": "956", "roman": "CMLVI" },
    { "arabic": "957", "roman": "CMLVII" },
    { "arabic": "958", "roman": "CMLVIII" },
    { "arabic": "959", "roman": "CMLIX" },
    { "arabic": "960", "roman": "CMLX" },
    { "arabic": "961", "roman": "CMLXI" },
    { "arabic": "962", "roman": "CMLXII" },
    { "arabic": "963", "roman": "CMLXIII" },
    { "arabic": "964", "roman": "CMLXIV" },
    { "arabic": "965", "roman": "CMLXV" },
    { "arabic": "966", "roman": "CMLXVI" },
    { "arabic": "967", "roman": "CMLXVII" },
    { "arabic": "968", "roman": "CMLXVIII" },
    { "arabic": "969", "roman": "CMLXIX" },
    { "arabic": "970", "roman": "CMLXX" },
    { "arabic": "971", "roman": "CMLXXI" },
    { "arabic": "972", "roman": "CMLXXII" },
    { "arabic": "973", "roman": "CMLXXIII" },
    { "arabic": "974", "roman": "CMLXXIV" },
    { "arabic": "975", "roman": "CMLXXV" },
    { "arabic": "976", "roman": "CMLXXVI" },
    { "arabic": "977", "roman": "CMLXXVII" },
    { "arabic": "978", "roman": "CMLXXVIII" },
    { "arabic": "979", "roman": "CMLXXIX" },
    { "arabic": "980", "roman": "CMLXXX" },
    { "arabic": "981", "roman": "CMLXXXI" },
    { "arabic": "982", "roman": "CMLXXXII" },
    { "arabic": "983", "roman": "CMLXXXIII" },
    { "arabic": "984", "roman": "CMLXXXIV" },
    { "arabic": "985", "roman": "CMLXXXV" },
    { "arabic": "986", "roman": "CMLXXXVI" },
    { "arabic": "987", "roman": "CMLXXXVII" },
    { "arabic": "988", "roman": "CMLXXXVIII" },
    { "arabic": "989", "roman": "CMLXXXIX" },
    { "arabic": "990", "roman": "CMXC" },
    { "arabic": "991", "roman": "CMXCI" },
    { "arabic": "992", "roman": "CMXCII" },
    { "arabic": "993", "roman": "CMXCIII" },
    { "arabic": "994", "roman": "CMXCIV" },
    { "arabic": "995", "roman": "CMXCV" },
    { "arabic": "996", "roman": "CMXCVI" },
    { "arabic": "997", "roman": "CMXCVII" },
    { "arabic": "998", "roman": "CMXCVIII" },
    { "arabic": "999", "roman": "CMXCIX" },
    { "arabic": "1000", "roman": "M" }
  ]
}
