{"v":"5.7.8","fr":25,"ip":0,"op":50,"w":80,"h":80,"nm":"Eye 2","ddd":0,"assets":[],"layers":[{"ddd":0,"ind":1,"ty":4,"nm":"Visibility Outlines","sr":1,"ks":{"o":{"a":0,"k":100,"ix":11},"r":{"a":0,"k":0,"ix":10},"p":{"a":0,"k":[40,40,0],"ix":2,"l":2},"a":{"a":0,"k":[24,24,0],"ix":1,"l":2},"s":{"a":0,"k":[100,100,100],"ix":6,"l":2}},"ao":0,"shapes":[{"ty":"gr","it":[{"ind":0,"ty":"sh","ix":1,"ks":{"a":1,"k":[{"i":{"x":0.667,"y":1},"o":{"x":0.333,"y":0},"t":26,"s":[{"i":[[0,-3.903],[-3.903,0],[0,3.903],[3.902,0]],"o":[[0,3.903],[3.902,0],[0,-3.903],[-3.903,0]],"v":[[-7.077,0],[0,7.077],[7.076,0],[0,-7.076]],"c":true}]},{"i":{"x":0.667,"y":1},"o":{"x":0.333,"y":0},"t":30,"s":[{"i":[[0.085,-0.493],[-3.903,0],[0.111,0.188],[3.902,0]],"o":[[0.014,0.438],[3.902,0],[0.174,-0.687],[-3.903,0]],"v":[[-7.139,-0.625],[-0.312,-1.048],[7.076,-0.812],[-0.312,-1.389]],"c":true}]},{"t":34,"s":[{"i":[[0,-3.903],[-3.903,0],[0,3.903],[3.902,0]],"o":[[0,3.903],[3.902,0],[0,-3.903],[-3.903,0]],"v":[[-7.077,0],[0,7.077],[7.076,0],[0,-7.076]],"c":true}]}],"ix":2},"nm":"Path 2","mn":"ADBE Vector Shape - Group","hd":false},{"ind":1,"ty":"sh","ix":2,"ks":{"a":1,"k":[{"i":{"x":0.667,"y":1},"o":{"x":0.333,"y":0},"t":26,"s":[{"i":[[-9.51,0],[-0.386,-0.459],[0,0],[0,0],[9.509,0],[0.386,0.458],[0,0],[0,0]],"o":[[9.509,0],[0,0],[0,0],[-0.386,0.458],[-9.51,0],[0,0],[0,0],[0.386,-0.459]],"v":[[0,-12.384],[19.048,-1.137],[20,0],[19.048,1.138],[0,12.384],[-19.049,1.138],[-20,0],[-19.049,-1.137]],"c":true}]},{"i":{"x":0.667,"y":1},"o":{"x":0.333,"y":0},"t":30,"s":[{"i":[[-9.51,0],[-0.386,-0.459],[0,0],[0,0],[9.509,0],[0.386,0.458],[0,0],[0,0]],"o":[[9.509,0],[0,0],[0,0],[-0.386,0.458],[-9.51,0],[0,0],[0,0],[0.386,-0.459]],"v":[[-0.188,-1.134],[19.986,-0.012],[20,0],[19.861,0.013],[-0.25,-0.866],[-19.674,-0.049],[-20,0],[-19.674,-0.074]],"c":true}]},{"t":34,"s":[{"i":[[-9.51,0],[-0.386,-0.459],[0,0],[0,0],[9.509,0],[0.386,0.458],[0,0],[0,0]],"o":[[9.509,0],[0,0],[0,0],[-0.386,0.458],[-9.51,0],[0,0],[0,0],[0.386,-0.459]],"v":[[0,-12.384],[19.048,-1.137],[20,0],[19.048,1.138],[0,12.384],[-19.049,1.138],[-20,0],[-19.049,-1.137]],"c":true}]}],"ix":2},"nm":"Path 3","mn":"ADBE Vector Shape - Group","hd":false},{"ty":"mm","mm":1,"nm":"Merge Paths 1","mn":"ADBE Vector Filter - Merge","hd":false},{"ty":"fl","c":{"a":0,"k":[0,0,0,1],"ix":4},"o":{"a":0,"k":100,"ix":5},"r":1,"bm":0,"nm":"Fill 1","mn":"ADBE Vector Graphic - Fill","hd":false},{"ty":"tr","p":{"a":0,"k":[24,24],"ix":2},"a":{"a":0,"k":[0,0],"ix":1},"s":{"a":0,"k":[100,100],"ix":3},"r":{"a":0,"k":0,"ix":6},"o":{"a":0,"k":100,"ix":7},"sk":{"a":0,"k":0,"ix":4},"sa":{"a":0,"k":0,"ix":5},"nm":"Transform"}],"nm":"Group 1","np":4,"cix":2,"bm":0,"ix":1,"mn":"ADBE Vector Group","hd":false}],"ip":0,"op":100,"st":0,"bm":0},{"ddd":0,"ind":2,"ty":4,"nm":"Visibility Outlines 2","sr":1,"ks":{"o":{"a":1,"k":[{"i":{"x":[0.667],"y":[1]},"o":{"x":[0.333],"y":[0]},"t":28,"s":[100]},{"i":{"x":[0.667],"y":[1]},"o":{"x":[0.333],"y":[0]},"t":30,"s":[9]},{"i":{"x":[0.667],"y":[1]},"o":{"x":[0.333],"y":[0]},"t":31,"s":[9]},{"t":33,"s":[100]}],"ix":11},"r":{"a":0,"k":0,"ix":10},"p":{"a":0,"k":[40,40,0],"ix":2,"l":2},"a":{"a":0,"k":[24,24,0],"ix":1,"l":2},"s":{"a":0,"k":[100,100,100],"ix":6,"l":2}},"ao":0,"shapes":[{"ty":"gr","it":[{"ind":0,"ty":"sh","ix":1,"ks":{"a":0,"k":{"i":[[0,-1.954],[1.954,0],[0,1.954],[-1.954,0]],"o":[[0,1.954],[-1.954,0],[0,-1.954],[1.954,0]],"v":[[3.538,0],[0,3.538],[-3.539,0],[0,-3.538]],"c":true},"ix":2},"nm":"Path 1","mn":"ADBE Vector Shape - Group","hd":false},{"ty":"mm","mm":1,"nm":"Merge Paths 1","mn":"ADBE Vector Filter - Merge","hd":false},{"ty":"fl","c":{"a":0,"k":[0,0,0,1],"ix":4},"o":{"a":0,"k":100,"ix":5},"r":1,"bm":0,"nm":"Fill 1","mn":"ADBE Vector Graphic - Fill","hd":false},{"ty":"tr","p":{"a":0,"k":[24,24],"ix":2},"a":{"a":0,"k":[0,0],"ix":1},"s":{"a":0,"k":[100,100],"ix":3},"r":{"a":0,"k":0,"ix":6},"o":{"a":0,"k":100,"ix":7},"sk":{"a":0,"k":0,"ix":4},"sa":{"a":0,"k":0,"ix":5},"nm":"Transform"}],"nm":"Group 1","np":3,"cix":2,"bm":0,"ix":1,"mn":"ADBE Vector Group","hd":false}],"ip":0,"op":100,"st":0,"bm":0}],"markers":[]}