{"v":"5.7.8","fr":25,"ip":0,"op":56,"w":80,"h":80,"nm":"Mute 2","ddd":0,"assets":[],"layers":[{"ddd":0,"ind":1,"ty":4,"nm":"Cross Outlines","sr":1,"ks":{"o":{"a":1,"k":[{"i":{"x":[0.667],"y":[1]},"o":{"x":[0.333],"y":[0]},"t":18,"s":[0]},{"t":21,"s":[100]}],"ix":11},"r":{"a":0,"k":0,"ix":10},"p":{"a":1,"k":[{"i":{"x":0.667,"y":1},"o":{"x":0.333,"y":0},"t":18,"s":[52.375,41.125,0],"to":[1.25,0,0],"ti":[-1.25,0,0]},{"t":23,"s":[59.875,41.125,0]}],"ix":2,"l":2},"a":{"a":0,"k":[24,24,0],"ix":1,"l":2},"s":{"a":0,"k":[62,62,100],"ix":6,"l":2}},"ao":0,"shapes":[{"ty":"gr","it":[{"ind":0,"ty":"sh","ix":1,"ks":{"a":0,"k":{"i":[[0,0],[0,0]],"o":[[0,0],[0,0]],"v":[[-12,12],[12,-12]],"c":false},"ix":2},"nm":"Path 1","mn":"ADBE Vector Shape - Group","hd":false},{"ty":"st","c":{"a":0,"k":[0,0,0,1],"ix":3},"o":{"a":0,"k":100,"ix":4},"w":{"a":0,"k":4,"ix":5},"lc":2,"lj":2,"bm":0,"nm":"Stroke 1","mn":"ADBE Vector Graphic - Stroke","hd":false},{"ty":"tr","p":{"a":0,"k":[24,24],"ix":2},"a":{"a":0,"k":[0,0],"ix":1},"s":{"a":0,"k":[100,100],"ix":3},"r":{"a":0,"k":0,"ix":6},"o":{"a":0,"k":100,"ix":7},"sk":{"a":0,"k":0,"ix":4},"sa":{"a":0,"k":0,"ix":5},"nm":"Transform"}],"nm":"Group 1","np":2,"cix":2,"bm":0,"ix":1,"mn":"ADBE Vector Group","hd":false},{"ty":"gr","it":[{"ind":0,"ty":"sh","ix":1,"ks":{"a":0,"k":{"i":[[0,0],[0,0]],"o":[[0,0],[0,0]],"v":[[-12,-12],[12,12]],"c":false},"ix":2},"nm":"Path 1","mn":"ADBE Vector Shape - Group","hd":false},{"ty":"st","c":{"a":0,"k":[0,0,0,1],"ix":3},"o":{"a":0,"k":100,"ix":4},"w":{"a":0,"k":4,"ix":5},"lc":2,"lj":2,"bm":0,"nm":"Stroke 1","mn":"ADBE Vector Graphic - Stroke","hd":false},{"ty":"tr","p":{"a":0,"k":[24,24],"ix":2},"a":{"a":0,"k":[0,0],"ix":1},"s":{"a":0,"k":[100,100],"ix":3},"r":{"a":0,"k":0,"ix":6},"o":{"a":0,"k":100,"ix":7},"sk":{"a":0,"k":0,"ix":4},"sa":{"a":0,"k":0,"ix":5},"nm":"Transform"}],"nm":"Group 2","np":2,"cix":2,"bm":0,"ix":2,"mn":"ADBE Vector Group","hd":false}],"ip":18,"op":118,"st":18,"bm":0},{"ddd":0,"ind":2,"ty":4,"nm":"Audio Outlines 2","sr":1,"ks":{"o":{"a":0,"k":100,"ix":11},"r":{"a":0,"k":0,"ix":10},"p":{"a":1,"k":[{"i":{"x":0.667,"y":1},"o":{"x":1,"y":0},"t":9,"s":[38.75,42.5,0],"to":[-2.667,0,0],"ti":[2.667,0,0]},{"t":18,"s":[22.75,42.5,0]}],"ix":2,"l":2},"a":{"a":0,"k":[24.5,23.5,0],"ix":1,"l":2},"s":{"a":0,"k":[100,100,100],"ix":6,"l":2}},"ao":0,"shapes":[{"ty":"gr","it":[{"ind":0,"ty":"sh","ix":1,"ks":{"a":0,"k":{"i":[[-0.421,-0.14],[-0.199,-0.398],[0,-3.436],[1.425,-3.126],[0.421,-0.14],[0.397,0.199],[0.141,0.422],[-0.198,0.397],[0,2.915],[1.192,2.661],[-0.14,0.421],[-0.397,0.199]],"o":[[0.421,0.14],[1.425,3.125],[0,3.435],[-0.199,0.397],[-0.421,0.141],[-0.397,-0.198],[-0.14,-0.421],[1.192,-2.66],[0,-2.916],[-0.198,-0.397],[0.141,-0.421],[0.397,-0.199]],"v":[[-0.436,-10.796],[0.532,-9.956],[2.695,0],[0.532,9.956],[-0.436,10.795],[-1.715,10.704],[-2.555,9.736],[-2.464,8.458],[-0.654,0],[-2.464,-8.459],[-2.555,-9.737],[-1.715,-10.705]],"c":true},"ix":2},"nm":"Path 1","mn":"ADBE Vector Shape - Group","hd":false},{"ty":"fl","c":{"a":0,"k":[0,0,0,1],"ix":4},"o":{"a":0,"k":100,"ix":5},"r":1,"bm":0,"nm":"Fill 1","mn":"ADBE Vector Graphic - Fill","hd":false},{"ty":"tr","p":{"a":0,"k":[45.388,21.882],"ix":2},"a":{"a":0,"k":[0,0],"ix":1},"s":{"a":0,"k":[100,100],"ix":3},"r":{"a":0,"k":0,"ix":6},"o":{"a":0,"k":100,"ix":7},"sk":{"a":0,"k":0,"ix":4},"sa":{"a":0,"k":0,"ix":5},"nm":"Transform"}],"nm":"Group 1","np":2,"cix":2,"bm":0,"ix":1,"mn":"ADBE Vector Group","hd":false},{"ty":"gr","it":[{"ind":0,"ty":"sh","ix":1,"ks":{"a":0,"k":{"i":[[-0.144,0.166],[-0.197,0.098],[-0.421,-0.141],[-0.199,-0.396],[0,-1.702],[0.707,-1.549],[0.166,-0.144],[0.209,-0.07],[0.397,0.198],[0.144,0.166],[0.07,0.208],[-0.016,0.22],[-0.098,0.196],[0,1.183],[0.477,1.083],[0.015,0.219],[-0.069,0.208]],"o":[[0.144,-0.166],[0.397,-0.198],[0.421,0.14],[0.707,1.549],[0,1.702],[-0.098,0.197],[-0.166,0.144],[-0.421,0.14],[-0.197,-0.098],[-0.144,-0.166],[-0.069,-0.209],[0.015,-0.219],[0.477,-1.084],[0,-1.183],[-0.098,-0.197],[-0.016,-0.22],[0.07,-0.209]],"v":[[-1.706,-5.283],[-1.191,-5.682],[0.088,-5.773],[1.055,-4.934],[2.128,-0.001],[1.055,4.934],[0.656,5.449],[0.088,5.773],[-1.191,5.682],[-1.706,5.281],[-2.031,4.714],[-2.111,4.066],[-1.939,3.436],[-1.217,-0.001],[-1.939,-3.437],[-2.111,-4.066],[-2.031,-4.715]],"c":true},"ix":2},"nm":"Path 1","mn":"ADBE Vector Shape - Group","hd":false},{"ty":"fl","c":{"a":0,"k":[0,0,0,1],"ix":4},"o":{"a":0,"k":100,"ix":5},"r":1,"bm":0,"nm":"Fill 1","mn":"ADBE Vector Graphic - Fill","hd":false},{"ty":"tr","p":{"a":0,"k":[39.034,21.829],"ix":2},"a":{"a":0,"k":[0,0],"ix":1},"s":{"a":0,"k":[100,100],"ix":3},"r":{"a":0,"k":0,"ix":6},"o":{"a":0,"k":100,"ix":7},"sk":{"a":0,"k":0,"ix":4},"sa":{"a":0,"k":0,"ix":5},"nm":"Transform"}],"nm":"Group 2","np":2,"cix":2,"bm":0,"ix":2,"mn":"ADBE Vector Group","hd":false}],"ip":0,"op":100,"st":0,"bm":0},{"ddd":0,"ind":3,"ty":4,"nm":"Audio Outlines","sr":1,"ks":{"o":{"a":0,"k":100,"ix":11},"r":{"a":0,"k":0,"ix":10},"p":{"a":0,"k":[38.75,42.5,0],"ix":2,"l":2},"a":{"a":0,"k":[24.5,23.5,0],"ix":1,"l":2},"s":{"a":0,"k":[100,100,100],"ix":6,"l":2}},"ao":0,"shapes":[{"ty":"gr","it":[{"ind":0,"ty":"sh","ix":1,"ks":{"a":0,"k":{"i":[[-0.008,-0.299],[0,0],[0.165,-0.25],[0.273,-0.123],[0.237,0.001],[0.281,0.238],[0,0],[0,0],[0.466,0.197],[0.355,0.362],[0.188,0.471],[-0.007,0.506],[0,0],[-0.188,0.47],[-0.355,0.361],[-0.467,0.197],[-0.506,0.002],[0,0],[0,0],[-0.297,0.04],[-0.272,-0.124],[-0.165,-0.25]],"o":[[0,0],[-0.007,0.299],[-0.166,0.249],[-0.217,0.096],[-0.368,0],[0,0],[0,0],[-0.506,-0.002],[-0.467,-0.197],[-0.355,-0.361],[-0.188,-0.47],[0,0],[-0.007,-0.506],[0.188,-0.471],[0.355,-0.362],[0.466,-0.197],[0,0],[0,0],[0.23,-0.191],[0.296,-0.039],[0.273,0.123],[0.165,0.249]],"v":[[11.661,-17.087],[11.661,17.11],[11.397,17.95],[10.727,18.52],[10.038,18.664],[9.033,18.296],[-1.548,9.338],[-7.839,9.338],[-9.312,9.037],[-10.557,8.191],[-11.381,6.931],[-11.654,5.452],[-11.654,-5.429],[-11.381,-6.908],[-10.557,-8.168],[-9.312,-9.014],[-7.839,-9.315],[-1.548,-9.315],[9.051,-18.273],[9.857,-18.626],[10.727,-18.497],[11.396,-17.926]],"c":true},"ix":2},"nm":"Path 1","mn":"ADBE Vector Shape - Group","hd":false},{"ty":"fl","c":{"a":0,"k":[0,0,0,1],"ix":4},"o":{"a":0,"k":100,"ix":5},"r":1,"bm":0,"nm":"Fill 1","mn":"ADBE Vector Graphic - Fill","hd":false},{"ty":"tr","p":{"a":0,"k":[21.37,22.526],"ix":2},"a":{"a":0,"k":[0,0],"ix":1},"s":{"a":0,"k":[100,100],"ix":3},"r":{"a":0,"k":0,"ix":6},"o":{"a":0,"k":100,"ix":7},"sk":{"a":0,"k":0,"ix":4},"sa":{"a":0,"k":0,"ix":5},"nm":"Transform"}],"nm":"Group 3","np":2,"cix":2,"bm":0,"ix":1,"mn":"ADBE Vector Group","hd":false}],"ip":0,"op":100,"st":0,"bm":0}],"markers":[]}