{"v":"5.7.8","fr":25,"ip":0,"op":40,"w":80,"h":80,"nm":"Notification Number 1","ddd":0,"assets":[],"fonts":{"list":[{"fName":"Lato-Black","fFamily":"Lato","fStyle":"Black","ascent":74.8992919921875}]},"layers":[{"ddd":0,"ind":1,"ty":5,"nm":"1","parent":2,"sr":1,"ks":{"o":{"a":1,"k":[{"i":{"x":[0.667],"y":[1]},"o":{"x":[0.333],"y":[0]},"t":4,"s":[0]},{"t":6,"s":[100]}],"ix":11},"r":{"a":0,"k":0,"ix":10},"p":{"a":0,"k":[0.519,0.41,0],"ix":2,"l":2},"a":{"a":0,"k":[5.25,26,0],"ix":1,"l":2},"s":{"a":0,"k":[111.111,111.111,100],"ix":6,"l":2}},"ao":0,"t":{"d":{"k":[{"s":{"s":18,"f":"Lato-Black","t":"1","ca":0,"j":0,"tr":43,"lh":21.6,"ls":-32,"fc":[1,1,1]},"t":0}]},"p":{},"m":{"g":1,"a":{"a":0,"k":[0,0],"ix":2}},"a":[]},"ip":0,"op":100,"st":0,"bm":0},{"ddd":0,"ind":2,"ty":4,"nm":"Shape Layer 1","sr":1,"ks":{"o":{"a":0,"k":100,"ix":11},"r":{"a":0,"k":0,"ix":10},"p":{"a":0,"k":[39.245,39.995,0],"ix":2,"l":2},"a":{"a":0,"k":[0,0,0],"ix":1,"l":2},"s":{"a":1,"k":[{"i":{"x":[0.667,0.667,0.667],"y":[1,1,1]},"o":{"x":[0.333,0.333,0.333],"y":[0,0,0]},"t":7,"s":[100,100,100]},{"i":{"x":[0.667,0.667,0.667],"y":[1,1,1]},"o":{"x":[0.333,0.333,0.333],"y":[0,0,0]},"t":10,"s":[104,104,100]},{"t":13,"s":[100,100,100]}],"ix":6,"l":2}},"ao":0,"shapes":[{"ty":"gr","it":[{"d":1,"ty":"el","s":{"a":0,"k":[39.511,39.511],"ix":2},"p":{"a":0,"k":[0,0],"ix":3},"nm":"Ellipse Path 1","mn":"ADBE Vector Shape - Ellipse","hd":false},{"ty":"fl","c":{"a":0,"k":[0,0,0,1],"ix":4},"o":{"a":0,"k":100,"ix":5},"r":1,"bm":0,"nm":"Fill 1","mn":"ADBE Vector Graphic - Fill","hd":false},{"ty":"tr","p":{"a":0,"k":[0.755,0.005],"ix":2},"a":{"a":0,"k":[0,0],"ix":1},"s":{"a":0,"k":[92.501,92.501],"ix":3},"r":{"a":0,"k":0,"ix":6},"o":{"a":0,"k":100,"ix":7},"sk":{"a":0,"k":0,"ix":4},"sa":{"a":0,"k":0,"ix":5},"nm":"Transform"}],"nm":"Ellipse 1","np":3,"cix":2,"bm":0,"ix":1,"mn":"ADBE Vector Group","hd":false}],"ip":0,"op":100,"st":0,"bm":0}],"markers":[],"chars":[{"ch":"1","size":18,"style":"Black","w":58,"data":{"shapes":[{"ty":"gr","it":[{"ind":0,"ty":"sh","ix":1,"ks":{"a":0,"k":{"i":[[0,0],[0,0],[0,0],[0,0],[0,0],[0,0],[0,0],[0,0],[-0.684,-0.383],[-0.867,0],[-0.534,0.184],[-0.534,0.434],[0,0],[0,-1.8],[0,0],[0,0]],"o":[[0,0],[0,0],[0,0],[0,0],[0,0],[0,0],[0,0],[0.333,0.434],[0.683,0.384],[0.5,0],[0.533,-0.183],[0,0],[-0.1,1.967],[0,0],[0,0],[0,0]],"v":[[12.6,0],[54.1,0],[54.1,-11.2],[42.1,-11.2],[42.1,-72.9],[29.3,-72.9],[6.6,-53.85],[11.5,-47.35],[13.025,-46.125],[15.35,-45.55],[16.9,-45.825],[18.5,-46.75],[26.75,-53.6],[26.6,-47.95],[26.6,-11.2],[12.6,-11.2]],"c":true},"ix":2},"nm":"1","mn":"ADBE Vector Shape - Group","hd":false}],"nm":"1","np":3,"cix":2,"bm":0,"ix":1,"mn":"ADBE Vector Group","hd":false}]},"fFamily":"Lato"}]}