{"v":"5.7.8","fr":25,"ip":25,"op":89,"w":80,"h":80,"nm":"Notification 3","ddd":0,"assets":[],"layers":[{"ddd":0,"ind":1,"ty":4,"nm":"Bell Outlines 2","sr":1,"ks":{"o":{"a":0,"k":100,"ix":11},"r":{"a":1,"k":[{"i":{"x":[0.667],"y":[1]},"o":{"x":[0.333],"y":[0]},"t":50,"s":[0]},{"i":{"x":[0.667],"y":[1]},"o":{"x":[0.333],"y":[0]},"t":58,"s":[24]},{"i":{"x":[0.667],"y":[1]},"o":{"x":[0.333],"y":[0]},"t":63,"s":[-23]},{"t":69,"s":[0]}],"ix":10},"p":{"a":0,"k":[40.25,19.5,0],"ix":2,"l":2},"a":{"a":0,"k":[24.25,3.5,0],"ix":1,"l":2},"s":{"a":0,"k":[100,100,100],"ix":6,"l":2}},"ao":0,"shapes":[{"ty":"gr","it":[{"ind":0,"ty":"sh","ix":1,"ks":{"a":0,"k":{"i":[[0,0],[-1.556,-1.54],[0,0],[0,-0.37],[0.764,0],[0,0],[0,0.764],[-0.262,0.26],[0,0],[0,2.189],[0,0],[-1.9,2.272],[-2.303,0.788],[0,0.82],[-0.547,0.56],[-0.901,0],[-0.547,-0.56],[0,-0.809],[-0.777,-0.265],[-1.598,-1.91],[0,-2.925]],"o":[[0,2.189],[0,0],[0.263,0.26],[0,0.764],[0,0],[-0.764,0],[0,-0.37],[0,0],[1.556,-1.54],[0,0],[0,-2.925],[1.597,-1.91],[0.776,-0.265],[0,-0.809],[0.547,-0.56],[0.902,0],[0.548,0.56],[0,0.82],[2.303,0.788],[1.899,2.272],[0,0]],"v":[[13.04,2.743],[15.471,8.571],[16.59,9.679],[17,10.662],[15.617,12.045],[-15.617,12.045],[-17,10.662],[-16.59,9.679],[-15.471,8.571],[-13.04,2.743],[-13.04,-4.477],[-10.19,-12.272],[-4.339,-16.319],[-2.994,-18.106],[-2.173,-20.16],[0,-21],[2.173,-20.16],[2.995,-18.106],[4.34,-16.319],[10.191,-12.272],[13.04,-4.477]],"c":true},"ix":2},"nm":"Path 1","mn":"ADBE Vector Shape - Group","hd":false},{"ty":"mm","mm":1,"nm":"Merge Paths 1","mn":"ADBE Vector Filter - Merge","hd":false},{"ty":"fl","c":{"a":0,"k":[0,0,0,1],"ix":4},"o":{"a":0,"k":100,"ix":5},"r":1,"bm":0,"nm":"Fill 1","mn":"ADBE Vector Graphic - Fill","hd":false},{"ty":"tr","p":{"a":0,"k":[24,24],"ix":2},"a":{"a":0,"k":[0,0],"ix":1},"s":{"a":0,"k":[100,100],"ix":3},"r":{"a":0,"k":0,"ix":6},"o":{"a":0,"k":100,"ix":7},"sk":{"a":0,"k":0,"ix":4},"sa":{"a":0,"k":0,"ix":5},"nm":"Transform"}],"nm":"Group 1","np":3,"cix":2,"bm":0,"ix":1,"mn":"ADBE Vector Group","hd":false}],"ip":0,"op":100,"st":0,"bm":0},{"ddd":0,"ind":2,"ty":4,"nm":"Bell Outlines","parent":1,"sr":1,"ks":{"o":{"a":0,"k":100,"ix":11},"r":{"a":0,"k":0,"ix":10},"p":{"a":1,"k":[{"i":{"x":0.667,"y":1},"o":{"x":0.333,"y":0},"t":50,"s":[24,24,0],"to":[1.362,-0.014,0],"ti":[1.034,0.126,0]},{"i":{"x":0.667,"y":1},"o":{"x":0.333,"y":0},"t":58,"s":[32.173,23.918,0],"to":[-1.034,-0.126,0],"ti":[1.362,-0.014,0]},{"i":{"x":0.667,"y":1},"o":{"x":0.333,"y":0},"t":63,"s":[17.793,23.246,0],"to":[-1.362,0.014,0],"ti":[-1.034,-0.126,0]},{"t":69,"s":[24,24,0]}],"ix":2,"l":2},"a":{"a":0,"k":[24,24,0],"ix":1,"l":2},"s":{"a":0,"k":[100,100,100],"ix":6,"l":2}},"ao":0,"shapes":[{"ty":"gr","it":[{"ind":0,"ty":"sh","ix":1,"ks":{"a":0,"k":{"i":[[1.659,0],[1.171,1.191],[0.287,0.82],[-1.104,0],[0,0],[0.365,-1.042],[0.669,-0.68]],"o":[[-1.658,0],[-0.668,-0.68],[-0.365,-1.042],[0,0],[1.105,0],[-0.286,0.82],[-1.171,1.191]],"v":[[0,21],[-4.244,19.214],[-5.677,16.964],[-4,15],[4,15],[5.677,16.964],[4.244,19.214]],"c":true},"ix":2},"nm":"Path 2","mn":"ADBE Vector Shape - Group","hd":false},{"ty":"mm","mm":1,"nm":"Merge Paths 1","mn":"ADBE Vector Filter - Merge","hd":false},{"ty":"fl","c":{"a":0,"k":[0,0,0,1],"ix":4},"o":{"a":0,"k":100,"ix":5},"r":1,"bm":0,"nm":"Fill 1","mn":"ADBE Vector Graphic - Fill","hd":false},{"ty":"tr","p":{"a":0,"k":[24,24],"ix":2},"a":{"a":0,"k":[0,0],"ix":1},"s":{"a":0,"k":[100,100],"ix":3},"r":{"a":0,"k":0,"ix":6},"o":{"a":0,"k":100,"ix":7},"sk":{"a":0,"k":0,"ix":4},"sa":{"a":0,"k":0,"ix":5},"nm":"Transform"}],"nm":"Group 1","np":3,"cix":2,"bm":0,"ix":1,"mn":"ADBE Vector Group","hd":false}],"ip":0,"op":100,"st":0,"bm":0}],"markers":[]}