{"v":"5.7.8","fr":25,"ip":0,"op":49,"w":80,"h":80,"nm":"Refresh 1","ddd":0,"assets":[],"layers":[{"ddd":0,"ind":1,"ty":4,"nm":"refresh Outlines","sr":1,"ks":{"o":{"a":0,"k":100,"ix":11},"r":{"a":1,"k":[{"i":{"x":[0],"y":[1.002]},"o":{"x":[0.661],"y":[0]},"t":7,"s":[0]},{"t":23,"s":[360]}],"ix":10},"p":{"a":0,"k":[40,40,0],"ix":2,"l":2},"a":{"a":0,"k":[32,40,0],"ix":1,"l":2},"s":{"a":0,"k":[60,60,100],"ix":6,"l":2}},"ao":0,"shapes":[{"ty":"gr","it":[{"ind":0,"ty":"sh","ix":1,"ks":{"a":0,"k":{"i":[[5.379,12.102],[2.283,-1.014],[-1.016,-2.282],[6.618,-6.615],[8.52,3.547],[0,0],[1.391,1.771],[1.768,-1.391],[0,0],[-0.317,-1.513],[0,0],[-1.888,0],[-0.278,0.056],[0.458,2.202],[0,0],[-4.149,0],[-6.045,6.048]],"o":[[-1.012,-2.283],[-2.283,1.012],[3.844,8.656],[-6.482,6.482],[0,0],[1.767,-1.388],[-1.387,-1.767],[0,0],[-1.218,0.955],[0,0],[0.4,1.922],[0.274,0],[2.2,-0.461],[0,0],[4.023,1.685],[8.159,0],[9.281,-9.275]],"v":[[23.588,-24.832],[17.619,-27.128],[15.324,-21.161],[10.763,3.977],[-13.838,8.751],[-9.607,5.434],[-8.919,-0.284],[-14.633,-0.972],[-25.379,7.456],[-26.852,11.487],[-24.056,24.9],[-20.076,28.142],[-19.243,28.058],[-16.086,23.241],[-17.371,17.074],[-5.004,19.591],[17.163,10.365]],"c":true},"ix":2},"nm":"Path 1","mn":"ADBE Vector Shape - Group","hd":false},{"ty":"fl","c":{"a":0,"k":[0,0,0,1],"ix":4},"o":{"a":0,"k":100,"ix":5},"r":1,"bm":0,"nm":"Fill 1","mn":"ADBE Vector Graphic - Fill","hd":false},{"ty":"tr","p":{"a":0,"k":[36.831,51.858],"ix":2},"a":{"a":0,"k":[0,0],"ix":1},"s":{"a":0,"k":[100,100],"ix":3},"r":{"a":0,"k":0,"ix":6},"o":{"a":0,"k":100,"ix":7},"sk":{"a":0,"k":0,"ix":4},"sa":{"a":0,"k":0,"ix":5},"nm":"Transform"}],"nm":"Group 1","np":4,"cix":2,"bm":0,"ix":1,"mn":"ADBE Vector Group","hd":false},{"ty":"gr","it":[{"ind":0,"ty":"sh","ix":1,"ks":{"a":0,"k":{"i":[[1.014,2.281],[-6.616,6.622],[-8.654,-3.849],[-0.082,-0.031],[0,0],[-1.389,-1.771],[-1.207,0],[-0.746,0.584],[0,0],[0.316,1.515],[0,0],[2.205,-0.458],[-0.459,-2.202],[0,0],[0.038,0.016],[9.297,-9.287],[-5.385,-12.097],[-1.733,0],[-0.598,0.265]],"o":[[-3.851,-8.647],[6.619,-6.616],[0.082,0.036],[0,0],[-1.77,1.388],[0.803,1.022],[0.883,0],[0,0],[1.219,-0.955],[0,0],[-0.457,-2.199],[-2.201,0.458],[0,0],[-0.035,-0.018],[-12.1,-5.383],[-9.285,9.292],[0.749,1.683],[0.614,0],[2.282,-1.017]],"v":[[-16.105,21.315],[-11.551,-3.821],[13.596,-8.377],[13.844,-8.295],[9.605,-4.968],[8.915,0.747],[12.12,2.306],[14.632,1.438],[25.376,-6.99],[26.848,-11.023],[24.051,-24.438],[19.238,-27.592],[16.081,-22.776],[17.372,-16.579],[17.27,-16.637],[-17.947,-10.214],[-24.367,24.995],[-20.232,27.678],[-18.396,27.286]],"c":true},"ix":2},"nm":"Path 1","mn":"ADBE Vector Shape - Group","hd":false},{"ty":"fl","c":{"a":0,"k":[0,0,0,1],"ix":4},"o":{"a":0,"k":100,"ix":5},"r":1,"bm":0,"nm":"Fill 1","mn":"ADBE Vector Graphic - Fill","hd":false},{"ty":"tr","p":{"a":0,"k":[27.164,27.678],"ix":2},"a":{"a":0,"k":[0,0],"ix":1},"s":{"a":0,"k":[100,100],"ix":3},"r":{"a":0,"k":0,"ix":6},"o":{"a":0,"k":100,"ix":7},"sk":{"a":0,"k":0,"ix":4},"sa":{"a":0,"k":0,"ix":5},"nm":"Transform"}],"nm":"Group 2","np":4,"cix":2,"bm":0,"ix":2,"mn":"ADBE Vector Group","hd":false}],"ip":0,"op":100,"st":0,"bm":0}],"markers":[]}