{"v":"5.7.8","fr":25,"ip":0,"op":73,"w":80,"h":80,"nm":"Trash Bin 2_Hover","ddd":0,"assets":[],"layers":[{"ddd":0,"ind":1,"ty":4,"nm":"Trash Bin Outlines 2","sr":1,"ks":{"o":{"a":0,"k":100,"ix":11},"r":{"a":0,"k":0,"ix":10},"p":{"a":1,"k":[{"i":{"x":0,"y":1},"o":{"x":0.184,"y":0},"t":35,"s":[40,30,0],"to":[0,-0.417,0],"ti":[0,0.417,0]},{"i":{"x":0,"y":0},"o":{"x":0.167,"y":0.167},"t":42,"s":[40,27.5,0],"to":[0,0,0],"ti":[0,0,0]},{"i":{"x":0.667,"y":1},"o":{"x":0.167,"y":0},"t":57,"s":[40,27.5,0],"to":[0,0.417,0],"ti":[0,-0.417,0]},{"t":64,"s":[40,30,0]}],"ix":2,"l":2},"a":{"a":0,"k":[24,14,0],"ix":1,"l":2},"s":{"a":0,"k":[100,100,100],"ix":6,"l":2}},"ao":0,"shapes":[{"ty":"gr","it":[{"ind":0,"ty":"sh","ix":1,"ks":{"a":0,"k":{"i":[[1.474,0],[0,0],[2.167,0],[0,0],[0.806,-2.013],[0,0],[0,-1.84],[0,0],[-0.552,0],[0,0],[0,0.553],[0,0]],"o":[[0,0],[-0.805,-2.013],[0,0],[-2.169,0],[0,0],[-1.474,0],[0,0],[0,0.553],[0,0],[0.553,0],[0,0],[0,-1.84]],"v":[[13.334,-1.667],[8,-1.667],[3.079,-5],[-3.076,-5],[-8,-1.667],[-13.332,-1.667],[-16,1.666],[-16,4],[-15,5],[15,5],[16,4],[16,1.666]],"c":true},"ix":2},"nm":"Path 1","mn":"ADBE Vector Shape - Group","hd":false},{"ty":"fl","c":{"a":0,"k":[0,0,0,1],"ix":4},"o":{"a":0,"k":100,"ix":5},"r":1,"bm":0,"nm":"Fill 1","mn":"ADBE Vector Graphic - Fill","hd":false},{"ty":"tr","p":{"a":0,"k":[24,9],"ix":2},"a":{"a":0,"k":[0,0],"ix":1},"s":{"a":0,"k":[100,100],"ix":3},"r":{"a":0,"k":0,"ix":6},"o":{"a":0,"k":100,"ix":7},"sk":{"a":0,"k":0,"ix":4},"sa":{"a":0,"k":0,"ix":5},"nm":"Transform"}],"nm":"Group 2","np":2,"cix":2,"bm":0,"ix":1,"mn":"ADBE Vector Group","hd":false}],"ip":0,"op":100,"st":0,"bm":0},{"ddd":0,"ind":2,"ty":4,"nm":"Trash Bin Outlines","sr":1,"ks":{"o":{"a":0,"k":100,"ix":11},"r":{"a":0,"k":0,"ix":10},"p":{"a":1,"k":[{"i":{"x":0,"y":1},"o":{"x":0.177,"y":0},"t":35,"s":[40,40,0],"to":[0,0.417,0],"ti":[0,-0.417,0]},{"i":{"x":0.833,"y":0.833},"o":{"x":0.167,"y":0.167},"t":42,"s":[40,42.5,0],"to":[0,0,0],"ti":[0,0,0]},{"i":{"x":0.667,"y":1},"o":{"x":0.167,"y":0},"t":57,"s":[40,42.5,0],"to":[0,-0.417,0],"ti":[0,0.417,0]},{"t":64,"s":[40,40,0]}],"ix":2,"l":2},"a":{"a":0,"k":[24,24,0],"ix":1,"l":2},"s":{"a":0,"k":[100,100,100],"ix":6,"l":2}},"ao":0,"shapes":[{"ty":"gr","it":[{"ind":0,"ty":"sh","ix":1,"ks":{"a":0,"k":{"i":[[0,0.552],[0,0],[0.552,0],[0,0],[0,-0.552],[0,0],[-0.553,0],[0,0]],"o":[[0,0],[0,-0.552],[0,0],[-0.553,0],[0,0],[0,0.552],[0,0],[0.552,0]],"v":[[6.001,5],[6.001,-7],[5.001,-8],[3.001,-8],[2.001,-7],[2.001,5],[3.001,6],[5.001,6]],"c":true},"ix":2},"nm":"Path 1","mn":"ADBE Vector Shape - Group","hd":false},{"ind":1,"ty":"sh","ix":2,"ks":{"a":0,"k":{"i":[[0,0],[0.552,0],[0,0],[0,-0.552],[0,0],[-0.552,0],[0,0],[0,0.552]],"o":[[0,-0.552],[0,0],[-0.552,0],[0,0],[0,0.552],[0,0],[0.552,0],[0,0]],"v":[[-1.999,-7],[-2.999,-8],[-4.999,-8],[-5.999,-7],[-5.999,5],[-4.999,6],[-2.999,6],[-1.999,5]],"c":true},"ix":2},"nm":"Path 2","mn":"ADBE Vector Shape - Group","hd":false},{"ind":2,"ty":"sh","ix":3,"ks":{"a":0,"k":{"i":[[0,0],[-0.59,0],[0,0],[0.055,-0.588],[0,0],[12,0],[0,0]],"o":[[-0.056,-0.588],[0,0],[0.59,0],[0,0],[0,0],[-12,0],[0,0]],"v":[[-13.896,-12.905],[-12.9,-14],[12.9,-14],[13.896,-12.905],[12.001,7],[0.001,14],[-11.999,7]],"c":true},"ix":2},"nm":"Path 3","mn":"ADBE Vector Shape - Group","hd":false},{"ty":"mm","mm":1,"nm":"Merge Paths 1","mn":"ADBE Vector Filter - Merge","hd":false},{"ty":"fl","c":{"a":0,"k":[0,0,0,1],"ix":4},"o":{"a":0,"k":100,"ix":5},"r":1,"bm":0,"nm":"Fill 1","mn":"ADBE Vector Graphic - Fill","hd":false},{"ty":"tr","p":{"a":0,"k":[24,30],"ix":2},"a":{"a":0,"k":[0,0],"ix":1},"s":{"a":0,"k":[100,100],"ix":3},"r":{"a":0,"k":0,"ix":6},"o":{"a":0,"k":100,"ix":7},"sk":{"a":0,"k":0,"ix":4},"sa":{"a":0,"k":0,"ix":5},"nm":"Transform"}],"nm":"Group 1","np":5,"cix":2,"bm":0,"ix":1,"mn":"ADBE Vector Group","hd":false}],"ip":0,"op":100,"st":0,"bm":0}],"markers":[]}