{"v":"5.7.8","fr":25,"ip":0,"op":50,"w":80,"h":80,"nm":"Warning 1","ddd":0,"assets":[],"layers":[{"ddd":0,"ind":1,"ty":4,"nm":"Attention Outlines","sr":1,"ks":{"o":{"a":0,"k":100,"ix":11},"r":{"a":0,"k":0,"ix":10},"p":{"a":0,"k":[40,40,0],"ix":2,"l":2},"a":{"a":0,"k":[24,24,0],"ix":1,"l":2},"s":{"a":1,"k":[{"i":{"x":[0.667,0.667,0.667],"y":[1,1,1]},"o":{"x":[0.333,0.333,0.333],"y":[0,0,0]},"t":5,"s":[100,100,100]},{"i":{"x":[0.667,0.667,0.667],"y":[1,1,1]},"o":{"x":[0.333,0.333,0.333],"y":[0,0,0]},"t":9,"s":[110,110,100]},{"i":{"x":[0.667,0.667,0.667],"y":[1,1,1]},"o":{"x":[0.333,0.333,0.333],"y":[0,0,0]},"t":12,"s":[90,90,100]},{"t":15,"s":[100,100,100]}],"ix":6,"l":2}},"ao":0,"shapes":[{"ty":"gr","it":[{"ind":0,"ty":"sh","ix":1,"ks":{"a":0,"k":{"i":[[0.266,-0.628],[0,-0.73],[-0.266,-0.638],[-0.463,-0.466],[-0.63,-0.263],[-0.748,0],[-0.631,0.264],[-0.472,0.467],[-0.266,0.639],[0,0.729],[0.266,0.629],[0.473,0.466],[0.63,0.274],[0.729,0],[0.63,-0.274],[0.463,-0.466]],"o":[[-0.266,0.629],[0,0.729],[0.266,0.639],[0.463,0.467],[0.63,0.264],[0.729,0],[0.63,-0.263],[0.473,-0.466],[0.266,-0.638],[0,-0.73],[-0.266,-0.628],[-0.472,-0.466],[-0.631,-0.274],[-0.748,0],[-0.63,0.274],[-0.463,0.466]],"v":[[-4.801,12.762],[-5.2,14.8],[-4.801,16.852],[-3.708,18.509],[-2.068,19.604],[0,20],[2.039,19.604],[3.693,18.509],[4.801,16.852],[5.2,14.8],[4.801,12.762],[3.693,11.12],[2.039,10.01],[0,9.6],[-2.068,10.01],[-3.708,11.12]],"c":true},"ix":2},"nm":"Path 1","mn":"ADBE Vector Shape - Group","hd":false},{"ind":1,"ty":"sh","ix":2,"ks":{"a":0,"k":{"i":[[0,0],[1.105,0],[0,0],[0,-1.105],[0,0],[-0.175,-1.406],[-0.155,-0.905],[-0.956,0],[0,0],[-0.16,0.942],[-0.11,0.883],[0,1.43]],"o":[[0,-1.105],[0,0],[-1.104,0],[0,0],[0,1.43],[0.11,0.883],[0.16,0.942],[0,0],[0.956,0],[0.154,-0.905],[0.176,-1.406],[0,0]],"v":[[4.96,-18],[2.96,-20],[-2.96,-20],[-4.96,-18],[-4.96,-3.755],[-4.697,0.499],[-4.3,3.181],[-2.358,4.8],[2.359,4.8],[4.301,3.181],[4.697,0.499],[4.96,-3.755]],"c":true},"ix":2},"nm":"Path 2","mn":"ADBE Vector Shape - Group","hd":false},{"ty":"mm","mm":1,"nm":"Merge Paths 1","mn":"ADBE Vector Filter - Merge","hd":false},{"ty":"fl","c":{"a":0,"k":[0,0,0,1],"ix":4},"o":{"a":0,"k":100,"ix":5},"r":1,"bm":0,"nm":"Fill 1","mn":"ADBE Vector Graphic - Fill","hd":false},{"ty":"tr","p":{"a":0,"k":[24,24],"ix":2},"a":{"a":0,"k":[0,0],"ix":1},"s":{"a":0,"k":[100,100],"ix":3},"r":{"a":0,"k":0,"ix":6},"o":{"a":0,"k":100,"ix":7},"sk":{"a":0,"k":0,"ix":4},"sa":{"a":0,"k":0,"ix":5},"nm":"Transform"}],"nm":"Group 1","np":4,"cix":2,"bm":0,"ix":1,"mn":"ADBE Vector Group","hd":false}],"ip":0,"op":100,"st":0,"bm":0}],"markers":[]}